text,region,district,square_meters,condominium_fee,bedrooms,bathrooms,garages,price
Apartamento com 1 dormitório no Centro,downtown,Centro,40,690,1,1,1,1800
Alugo apto mobiliado ao lado da Ufsc,downtown,Carvoeira,81,720,2,1,1,2500
"APARTAMENTO, Residencial;  2 dormitorios, 1 bwc",downtown,Carvoeira,81,460,2,1,1,2100
Florianopolis - Apartamento Padrão - Centro,downtown,Centro,46,560,1,1,1,2000
Apto 1 Dorm. Próximo Ufsc Carvoeira,downtown,Carvoeira,30,75,1,1,0,1300
Apto 2 dorm sendo 1 suíte ,downtown,Centro,80,700,2,2,1,2950
Florianopolis - Apartamento Padrão - Centro,downtown,Centro,40,,1,1,0,1600
APARTAMENTO DE 02 QUARTOS SENDO 1 SUÍTE AGRONÔMICA,downtown,Agronômica,108,866,2,3,1,6500
"Apartamento para Locação em Florianópolis, Centro, 3 dormitórios, 3 suítes, 5 banheiros, 4",downtown,Centro,271,1150,3,5,4,11300
Centro | Top Vision | 2 dormitórios ( 1 suíte),downtown,Centro,71,800,2,2,1,4100
FLORIANóPOLIS - Apartamento Padrão - Centro,downtown,Centro,101,1150,2,2,2,12500
Florianópolis - Apartamento - Centro,downtown,Centro,139,656,2,3,1,4590
Lindo Apto Saco dos Limões ,downtown,Saco dos Limões,22,,1,1,0,1089
"Apartamento com 3 dormitórios para alugar com vista para Beira Mar Norte, 235 m² por R$ 9.",downtown,Agronômica,235,2200,3,2,2,6900
"Apartamento com 2 dormitórios para alugar, 75 m² por R$ 3.454,00/mês - Agronômica - Floria",downtown,Agronômica,75,380,2,2,1,3000
Centro | Top Vision | Apartamento 2 dorms ( 1 suíte),downtown,Centro,71,800,2,2,1,4050
APARTAMENTODE 3 QUARTOS NO CENTRO DE FLORIANÓPOLIS!,downtown,Centro,110,1235,3,3,2,3500
Aluguel | Apartamento 2 suítes + 2vgs,downtown,Centro,69,1081,2,3,2,7716
Centro | Estúdio decorado | Top Vision,downtown,Centro,51,800,1,1,1,5500
Centro | Top Vision | 2 dormitórios ( 1 suíte),downtown,Centro,68,800,2,2,1,4000
Locação Apartamento Florianopolis SC,downtown,Centro,53,400,1,1,0,1350
"Apartamento com 3 quartos para alugar por R$ 3200.00, 86.24 m2 - CENTRO - FLORIANOPOLIS/SC",downtown,Centro,86,956,3,1,1,3200
Florianópolis - Apartamento - Agronômica,downtown,Agronômica,206,1976,4,5,2,3500
FLORIANóPOLIS - Padrão - Centro,downtown,Centro,72,460,3,1,0,2800
FLORIANóPOLIS - Apartamento Padrão - Agronômica,downtown,Agronômica,56,500,2,2,0,2200
Apartamento 3 dormitórios (1 suíte) - perto da beira mar shopping e beira mar norte!,downtown,Centro,141,1400,3,2,1,3000
APARTAMENTO - CENTRO - SC,downtown,Centro,56,676,2,1,0,1700
Florianopolis - Apartamento Padrão - Centro,downtown,Centro,65,631,2,1,1,2200
FLORIANóPOLIS - Apartamento Padrão - Centro,downtown,Centro,104,871,3,3,1,3000
FLORIANóPOLIS - Studio - Carvoeira,downtown,Carvoeira,15,,1,1,0,1800
Centro | Top Vision | 2 dormitórios ( 1 suíte),downtown,Centro,69,800,2,2,1,4000
Top Vision | 2 dormitórios ( 1 suíte),downtown,Centro,68,800,2,2,1,4250
FLORIANóPOLIS - Apartamento Padrão - Centro,downtown,Centro,298,4600,4,4,3,6300
FLORIANóPOLIS - Apartamento Padrão - Centro,downtown,Centro,122,1400,3,2,1,5000
Apartamento alugar studio mobiliado ,downtown,Agronômica,25,100,1,1,0,2300
Apartamento FLORIANÓPOLIS - SC,downtown,Centro,134,950,3,2,1,4500
Apartamento na Carvoeira a 400 m da UFSC,downtown,Carvoeira,42,,2,1,0,2200
Locação Apartamento Florianopolis SC,downtown,Centro,47,350,1,1,0,1450
Centro | Top Vision | 2 dorms ( 1 suíte),downtown,Centro,71,800,2,2,1,4100
Aluguel | Apartamento 2 suítes | Centro,downtown,Centro,108,1285,2,3,1,7907
"Excelente apto tipo studio com 01 dormitório de casal, sacada fechada, bwc completo, cozin",downtown,Centro,32,493,1,1,1,2200
Centro | Estúdio com garagem e hb,downtown,Centro,60,880,1,1,1,6590
Kitnet Apartamento Mobiliado de 1 quarto a 500m da UFSC,downtown,Carvoeira,30,,1,1,0,1240
"Loft 203 no Centro próximo da Av. Mauro Ramos, para até 2 pessoas. Imóvel novo!",downtown,Centro,30,200,1,1,1,1690
Apartamento NOVO com 2 suítes no Centro de Florianópolis feito com o alto padrão WKoerich,downtown,Centro,79,,2,3,2,8677
FLORIANóPOLIS - Studio - Centro,downtown,Centro,60,750,1,1,1,6365
Centro | 2 dorms (1 suíte) | Top vision,downtown,Centro,68,800,2,2,1,4250
APARTAMENTO 3 SUITES PARA LOCAÇÃO,downtown,Centro,271,1200,3,5,4,12500
Apto 302m2 Espetacular Vista Beira Mar,downtown,Centro,302,2840,4,5,3,6000
Ap/Cobertura Locação Março a Dezembro,downtown,Centro,187,1,3,3,2,6000
Apartamento FLORIANOPOLIS SC,downtown,Centro,76,807,2,1,1,3400
FLORIANóPOLIS - Apartamento Padrão - Saco dos Limões,downtown,Saco dos Limões,39,487,1,1,1,2600
"Apartamento para Aluguel - Saco dos Limões, 2 Quartos,  80 m2",downtown,Saco dos Limões,80,550,2,2,2,2940
Estúdio no Centro,downtown,Centro,60,692,1,1,1,4000
Kitinete Próximo Ufsc 50m,downtown,Carvoeira,22,50,1,1,0,1450
Apartamento para aluguel tem 110 m² com 4 quartos em Centro - Florianópolis - SC,downtown,Centro,110,1030,4,3,1,2850
Top Vision | Centro | 2 dormitórios ( 1 suíte),downtown,Centro,73,800,2,2,1,4200
"Apartamento para aluguel, 1 quarto, 1 vaga, Centro - Florianópolis/SC",downtown,Centro,117,880,1,1,1,6000
Studio para aluguel tem 45 metros quadrados com 1 quarto em Centro - Florianópolis - SC,downtown,Centro,45,675,1,1,1,2000
FLORIANóPOLIS - Padrão - Centro,downtown,Centro,55,515,1,1,0,1500
FLORIANóPOLIS - Apartamento Padrão - Centro,downtown,Centro,155,1470,3,2,1,5700
FLORIANóPOLIS - Apartamento Padrão - Centro,downtown,Agronômica,100,720,3,2,1,4200
"Apartamento com 4 dormitórios para alugar, 371 m² por R$ 15.708,33/mês - Centro - Florianó",downtown,Centro,371,3000,4,5,3,12000
Centro | Top Vision | 2 dormitórios (1 suíte),downtown,Centro,69,800,2,2,1,4050
"Apartamento com 2 dormitórios para alugar, 60 m² por R$ 1.800,00/mês - Agronômica - Floria",downtown,Agronômica,60,,2,1,0,1800
FLORIANóPOLIS - Apartamento Padrão - Centro,downtown,Centro,64,450,1,1,1,2300
FLORIANóPOLIS - Apartamento Padrão - Centro,downtown,Centro,104,,3,1,2,6500
"Apartamento para Aluguel - Centro, 1 Quarto,  53 m2",downtown,Centro,53,630,1,2,1,5400
FLORIANÓPOLIS - Apartamento Padrão - AGRONÔMICA,downtown,Agronômica,31,204,1,1,1,2739
Florianópolis - Apartamento - Centro,downtown,Centro,43,559,1,1,1,3640
Locação Apartamento Florianopolis SC,downtown,Centro,58,520,2,2,0,1800
Centro | Top Vision | 2 dorms ( 1 suíte),downtown,Centro,69,800,2,2,1,4150
"Apartamento para Locação em Florianópolis, Centro, 1 dormitório, 1 banheiro, 1 vaga",downtown,Centro,41,494,1,1,1,5500
Locação Apartamento Florianopolis SC,downtown,Centro,100,900,3,1,2,6950
Ótima Kitinete Próximo da Ufsc Carvoeira,downtown,Carvoeira,18,70,1,1,0,900
Aluguel | Centro | 2 dormitórios ( 1 suíte),downtown,Centro,68,800,2,2,1,4250
Studio mobiliado no Centro,downtown,Centro,29,300,1,1,1,2200
FLORIANóPOLIS - Apartamento Padrão - Centro,downtown,Centro,80,1100,2,2,0,8500
"Apartamento com 2 quartos para alugar por R$ 2000.00, 61.71 m2 - CENTRO - FLORIANOPOLIS/SC",downtown,Centro,62,831,2,1,1,2000
Locação de incrível apto prox. Beira Mar Shopping,downtown,Centro,77,450,2,2,0,3000
FLORIANóPOLIS - Apartamento Padrão - Centro,downtown,Centro,73,673,2,2,2,7000
Aluguel Anual - Duplex de 140m² com 3 Suítes e 1 Dormitório - Beira Mar,downtown,Centro,170,1500,3,4,2,7000
Locação Apartamento Florianopolis SC,downtown,Centro,43,660,1,1,1,1800
Apartamento de 1 quarto para alugar no bairro Carvoeira,downtown,Carvoeira,37,300,1,1,0,1300
Apto Centro Floripa - 2 Quartos,downtown,Centro,67,,2,1,0,2300
Apartamento com 3 quartos no Centro,downtown,Centro,131,1755,3,4,1,5000
Centro | Top Vision | 2 dormitórios ( 1 suíte),downtown,Centro,73,800,2,2,1,4150
Aluguel | Apartamento 2 suítes + 2 vagas,downtown,Centro,69,1054,2,3,2,9728
Apartamento 2 suítes  - Vista mar na Agronômica,downtown,Agronômica,167,1650,2,2,2,7000
"Apartamento para aluguel, 3 quartos, 1 suíte, 2 vagas, Centro - Florianópolis/SC",downtown,Centro,160,1500,3,3,2,5600
Aluguel | Apartamento 2 suítes + 2vgs e hb,downtown,Centro,68,1097,2,3,2,7111
Alugo Apto próximo da UFSC  ,downtown,Carvoeira,40,,1,1,0,1760
FLORIANóPOLIS - Studio - Centro,downtown,Centro,53,550,1,1,1,3900
FLORIANóPOLIS - Apartamento Padrão - Centro,downtown,Centro,129,1116,3,4,1,6500
Centro | Top Vision | 2 dormitórios ( 1 suíte),downtown,Centro,73,800,2,2,1,4050
Centro | Top Vision | 2 dormitórios ( 1 suíte),downtown,Centro,71,800,2,2,1,4350
Apartamento FLORIANOPOLIS SC,downtown,Carvoeira,61,460,2,2,1,3300
"Apartamento 3 suítes para alugar, 430m², Beira Mar - Florianópolis",downtown,Centro,430,2500,3,4,3,13000
Aluguel | Apartamento 1 dormitório,downtown,Centro,33,380,1,1,0,700
Apto 302m2 Espetacular Agronômica,downtown,Agronômica,302,2840,4,5,3,6000
FLORIANóPOLIS - Apartamento Padrão - Centro,downtown,Centro,97,914,3,3,1,3200
FLORIANÓPOLIS - Apartamento Padrão - CENTRO,downtown,Centro,60,606,1,1,1,5200
"Apartamento para Aluguel - Centro, 3 Quartos,  62 m2",downtown,Centro,62,460,3,1,0,2800
Ótimo Apartamento 1 dorm Centro Hercilio Luz,downtown,Centro,35,350,1,1,0,1300
"Apartamento com 2 dormitórios para alugar, 216 m² por R$ 5.857,86/mês - Centro - Florianóp",downtown,Centro,217,1800,2,2,2,3490
Centro | Top Vision | Apartamento 2 dormitórios ( 1 suíte),downtown,Centro,73,800,2,2,1,4050
"APARTAMENTO, Residencial;  3 dormitorios, 1 suite, 3 bwc",downtown,Centro,187,1200,3,3,1,3500
FLORIANóPOLIS - Padrão - Carvoeira,downtown,Carvoeira,43,340,1,1,1,3000
FLORIANÓPOLIS - Loft - CENTRO,downtown,Centro,76,608,1,1,1,6557
Aluguel | Apartamento 2 suítes + garagem e hb,downtown,Centro,77,1100,2,3,1,7508
FLORIANóPOLIS - Apartamento Padrão - Saco dos Limões,downtown,Saco dos Limões,58,443,2,1,1,1600
Aluguel | Apartamento 3 dorm. (1 suíte) + depen.,downtown,Centro,109,1492,3,2,2,4800
Cond. Ed. Residencial Costa Marina - apto 1002,downtown,Centro,157,1110,3,3,1,6900
"Apartamento para Locação em Florianópolis, Agronômica, 3 dormitórios, 3 suítes, 5 banheiro",downtown,Agronômica,318,4000,3,5,3,33000
APARTAMENTO 1 QUARTO NO BAIRRO CARVOEIRA EM FLORIANÓPOLIS,downtown,Carvoeira,37,300,1,1,0,1300
FLORIANóPOLIS - Apartamento Padrão - Beira-Mar,downtown,Agronômica,206,1890,4,5,2,7790
Apartamento para aluguel possui 50 metros quadrados com 2 quartos em Centro - Florianópoli,downtown,Centro,50,353,2,1,0,2550
Apartamento com 2 dormitórios no Centro,downtown,Centro,362,1800,2,3,2,5000
Apartamento com 4 dormitórios na Beira Mar,downtown,Centro,259,2664,4,2,2,12000
FLORIANÓPOLIS - Loft - CENTRO,downtown,Centro,53,561,1,1,1,4400
Agronômica | Apto 3 dorms (1 suíte ) + Escritório,downtown,Agronômica,115,1425,3,3,2,7000
"Apartamento com 1 quarto para alugar por R$ 1300.00, 29.21 m2 - CENTRO - FLORIANOPOLIS/SC",downtown,Centro,29,468,1,1,0,1300
FLORIANóPOLIS - Apartamento Padrão - Beira-Mar,downtown,Agronômica,222,2800,3,5,3,13000
Amplo apto 3 dormts no  Centro  -  Florianópolis,downtown,Centro,132,1170,3,3,2,3500
FLORIANóPOLIS - Padrão - Centro,downtown,Centro,144,913,3,2,1,6900
FLORIANóPOLIS - Padrão - Saco dos Limões,downtown,Saco dos Limões,63,580,2,3,2,2350
FLORIANóPOLIS - Apartamento Padrão - Centro,downtown,Centro,101,650,3,3,1,3750
Florianópolis - Apartamento - Agronômica,downtown,Agronômica,35,570,1,1,1,3320
Apartamento de 2 quartos para alugar no bairro Centro,downtown,Centro,100,722,2,2,1,2700
Condomínio Residencial Edifício Atlântico Norte - apto 501,downtown,Centro,264,2000,4,4,2,5700
Centro | Top Vision | Apartamento 1 dormitório,downtown,Centro,53,800,2,2,1,3300
Centro | Top Vision | 2 dormitórios (1 suíte),downtown,Centro,73,850,2,1,2,6500
FLORIANOPOLIS - Apartamento Padrão - Agronomica,downtown,Agronômica,140,1061,3,3,1,3600
FLORIANóPOLIS - Apartamento Padrão - Beira Mar Norte,downtown,Centro,277,2500,5,2,2,10900
FLORIANóPOLIS - Apartamento Padrão - Centro,downtown,Centro,131,1755,3,4,1,5000
FLORIANOPOLIS - Apartamento Padrão - Centro,downtown,Centro,362,1800,2,3,2,5000
Excelente Apto Mobiliado ao Lado da Ufsc Carvoeira,downtown,Carvoeira,45,420,1,1,1,1700
FLORIANóPOLIS - Apartamento Padrão - Beira-Mar,downtown,Agronômica,222,2800,3,5,4,21000
APARTAMENTO DE 2 QUARTOS PARA ALUGAR NO CENTRO DE FLORIANÓPOLIS!!,downtown,Centro,92,,2,1,1,2800
Apartamento para locação 2 quartos no centro  74 m²,downtown,Agronômica,73,790,2,3,1,2900
FLORIANÓPOLIS - Loft - CENTRO,downtown,Centro,53,554,1,1,1,4415
"Apartamento para Aluguel Apartamento de 2 dormitórios, sem garagem no Centro de Florianópo",downtown,Centro,75,630,2,1,0,2100
Alugo na Beira Mar Norte / tudo incluso (IPTU + Taxa de condomínio + Gás + água),downtown,Agronômica,169,,4,1,2,18000
FLORIANóPOLIS - Apartamento Padrão - Beira-Mar,downtown,Agronômica,316,3100,4,5,3,18000
Apartamento FLORIANOPOLIS SC,downtown,Saco dos Limões,72,532,3,2,1,3200
EXCELENTE APARTAMENTO LOCALIZADO NA REGIÃO DO BAIRRO CENTRO DE FLORIANÓPOLIS,downtown,Centro,101,723,2,2,1,2700
AMPLO 3 DORMITÓRIOS JUNTO AO HIPPO,downtown,Centro,90,,3,2,1,3600
FLORIANóPOLIS - Apartamento Padrão - Centro,downtown,Centro,43,530,1,1,1,3500
FLORIANóPOLIS - Padrão - Centro,downtown,Centro,48,477,2,1,1,2300
FLORIANóPOLIS - Apartamento Padrão - Centro,downtown,Centro,59,497,2,1,1,2500
LOCALIZAÇÃO PRIVILEGIADA NO CENTRO DE FLORIANÓPOLIS!,downtown,Centro,132,1700,3,3,1,3200
"Apartamento com 2 quartos para alugar por R$ 1950.00, 86.11 m2 - CENTRO - FLORIANOPOLIS/SC",downtown,Centro,86,708,2,1,1,1950
Apartamento para alugar no bairro Centro - Florianópolis/SC,downtown,Centro,159,1230,3,3,1,6900
"Cobertura para alugar, 330 m² por R$ 21.000,00/mês - Agronômica - Florianópolis/SC",downtown,Agronômica,330,2487,3,5,4,21000
FLORIANóPOLIS - Apartamento Padrão - Centro,downtown,Centro,72,540,2,1,1,2950
FLORIANóPOLIS - Apartamento Padrão - Centro,downtown,Centro,47,665,1,1,1,5500
FLORIANóPOLIS - Padrão - Centro,downtown,Centro,89,787,3,2,1,2950
Aluguel | Apartamento 2 suítes + 2vgs,downtown,Centro,90,1232,2,3,2,9078
FLORIANóPOLIS - Apartamento Padrão - Beiramar,downtown,Agronômica,221,2700,3,3,3,13000
Centro | Top Vision | 2 dormitórios ( 1 suíte),downtown,Centro,69,800,2,2,1,4050
Centro | Top Vision | 2 dormitórios ( 1 suíte),downtown,Centro,71,800,2,2,1,4150
"Centro | Apartamento 4 quartos, sendo 4 suites",downtown,Centro,485,3500,4,5,3,15000
Apartamento para alugar no bairro Centro - Florianópolis/SC,downtown,Centro,30,600,1,1,1,2400
FLORIANÓPOLIS - Apartamento Padrão - CENTRO,downtown,Centro,131,1660,3,3,2,16074
Florianopolis - Apartamento Padrão - Centro,downtown,Centro,30,376,1,1,0,1900
FLORIANÓPOLIS - Apartamento Padrão - CENTRO,downtown,Centro,100,1331,2,3,2,10888
FLORIANÓPOLIS - Apartamento Padrão - CENTRO,downtown,Centro,131,1741,3,3,2,14584
FLORIANÓPOLIS - Apartamento Padrão - CENTRO,downtown,Centro,130,2070,3,3,2,14393
FLORIANÓPOLIS - Apartamento Padrão - CENTRO,downtown,Centro,79,1131,2,3,2,8312
FLORIANÓPOLIS - Apartamento Padrão - CENTRO,downtown,Centro,131,1725,3,3,2,15293
FLORIANÓPOLIS - Apartamento Padrão - CENTRO,downtown,Centro,100,1317,2,3,2,9865
FLORIANÓPOLIS - Apartamento Padrão - CENTRO,downtown,Centro,79,1139,2,3,2,8677
FLORIANÓPOLIS - Apartamento Padrão - CENTRO,downtown,Centro,100,1397,2,3,2,11337
FLORIANÓPOLIS - Apartamento Padrão - CENTRO,downtown,Centro,130,1672,3,3,2,13945
"Agronômica | Apartamento 3 quartos, sendo 1 suite",downtown,Agronômica,115,1425,3,4,2,8000
FLORIANÓPOLIS - Apartamento Padrão - CENTRO,downtown,Centro,100,1347,2,3,2,11293
"Apartamento com 3 dormitórios para alugar, 153 m² por R$ 10.500,00/mês - Centro - Florianó",downtown,Centro,153,800,3,5,3,10500
FLORIANÓPOLIS - Apartamento Padrão - AGRONÔMICA,downtown,Agronômica,316,4116,4,5,4,23500
FLORIANóPOLIS - Padrão - Centro,downtown,Centro,55,550,2,1,1,2500
FLORIANóPOLIS - Apartamento Padrão - Centro,downtown,Centro,66,670,1,1,0,3000
FLORIANóPOLIS - Apartamento Padrão - Centro,downtown,Centro,28,480,1,1,0,2200
"Apartamento com 2 dormitórios para alugar, 100 m² por R$ 7.391,00/mês - Agronômica - Flori",downtown,Agronômica,100,566,2,3,1,6500
Florianópolis - Apartamento - Centro,downtown,Centro,44,475,1,1,0,1000
FLORIANóPOLIS - Apartamento Padrão - Agronômica,downtown,Agronômica,164,1076,3,2,1,5000
"Apto amplo, sala com piso de taco e lavabo, 03 dormitórios sendo 01 suíte com armários e 0",downtown,Centro,128,1589,3,2,1,3650
Excelente apartamento localizado no bairro Centro na cidade de Florianópolis.,downtown,Centro,25,477,1,1,0,1500
FLORIANóPOLIS - Apartamento Padrão - Centro,downtown,Centro,158,1300,3,2,2,6500
"Apartamento para Aluguel - Centro, 1 Quarto,  43 m2",downtown,Centro,43,950,1,1,1,3100
Apto 1 Dorm. Mobiliado Próximo Ufsc Carvoeira,downtown,Carvoeira,28,75,1,1,0,1300
"Apartamento com 3 quartos para alugar por R$ 3100.00, 95.56 m2 - CENTRO - FLORIANOPOLIS/SC",downtown,Centro,96,1342,3,1,1,3100
Aluguel | Apartamento 3 dormitórios (1 suíte),downtown,Centro,92,800,3,3,1,3800
FLORIANóPOLIS - Apartamento Padrão - Centro,downtown,Centro,264,2000,4,4,2,5700
APARTAMENTO 04 DORMITORIOS  NO BAIRRO AGRONÔMICA EM FLORIANÓPOLIS,downtown,Agronômica,101,750,3,1,1,3500
FLORIANóPOLIS - Apartamento Padrão - agronomica,downtown,Agronômica,70,,2,1,1,1600
FLORIANóPOLIS - Studio - Carvoeira,downtown,Carvoeira,19,50,1,1,0,1550
FLORIANóPOLIS - Apartamento Padrão - Carvoeira,downtown,Carvoeira,48,537,1,2,1,3650
Aluguel| Top Vision | 2 dormitórios ( 1 suíte),downtown,Centro,69,800,2,2,1,4050
Apartamento de 2 quartos para alugar no bairro Centro,downtown,Centro,72,370,2,1,0,2200
Apartamento Residencial no Bairro Agronômica,downtown,Agronômica,111,833,3,3,3,6200
FLORIANóPOLIS - Apartamento Padrão - Beira-Mar,downtown,Agronômica,316,3025,3,5,0,23000
Aluguel Apartamento Capoeiras,continent,Capoeiras,109,550,2,1,1,1800
FLORIANóPOLIS - Apartamento Padrão - Capoeiras,continent,Capoeiras,74,684,3,1,0,2500
FLORIANÓPOLIS - Apartamento padrão - CANTO,continent,Canto,107,1013,2,3,2,4500
Aparamento garden com 03 dormitórios em Coqueios,continent,Coqueiros,120,750,3,2,2,4500
Florianópolis - Apartamento Padrão - Estreito,continent,Estreito,80,600,3,1,1,2300
Apartamento FLORIANOPOLIS SC,continent,Canto,78,390,3,2,1,2700
AMPLO - COZINHA AMERICANA - SACADA - ELEVADOR - VAGA LIVRE E COBERTA!!!,continent,Coloninha,110,565,3,2,1,2300
Aluguel | Apartamento 3 dormitórios (2 suítes) + 2,continent,Jardim Atlântico,101,798,3,2,2,5885
FLORIANóPOLIS - Apartamento Padrão - Estreito,continent,Estreito,120,700,3,3,1,3000
APARTAMENTO JARDIM ATLANTICO 2 QUARTOS!! NO BAIRRO MONTE CRISTO EM FLORIANÓPOLIS!!,continent,Monte Cristo,56,508,2,2,1,1750
"Apartamento com 2 dormitórios para alugar, 65 m² por R$ 2.127,44/mês - Canto - Florianópol",continent,Canto,66,311,2,1,1,1700
Aluguel | Apartamento 3 dormitórios (2 suítes),continent,Jardim Atlântico,101,850,3,3,2,6496
"Apartamento com 3 dormitórios para alugar, 106 m² por R$ 5.081,83/mês - Estreito - Florian",continent,Canto,107,1004,3,2,2,3850
"Cobertura para Locação em Florianópolis, Bom Abrigo, 3 dormitórios, 1 suíte, 4 banheiros, ",continent,Bom Abrigo,396,2100,3,4,2,10200
"Estreito | Apartamento 2 quartos, sendo 1 suite",continent,Balneário,74,550,2,3,1,4450
FLORIANóPOLIS - Apartamento Padrão - Jardim Atlântico,continent,Jardim Atlântico,44,458,2,1,1,1800
FLORIANóPOLIS - Apartamento Padrão - Jardim Atlântico,continent,Jardim Atlântico,176,968,3,2,2,4500
FLORIANóPOLIS - Apartamento Padrão - Abraão,continent,Abraão,52,584,2,1,1,2500
APTO 2 QTOS SEMI MOBIL CAPOEIRAS FPOLIS,continent,Capoeiras,76,450,2,1,1,1700
APARTAMENTO NO BAIRRO JARDIM ATLANTICO NO BAIRRO MONTE CRISTO EM FLORIANÓPOLIS,continent,Monte Cristo,49,576,2,1,1,1400
"Apartamento 3 quartos (1 suíte) no bairro capoeiras em florianópolis, 80,87m²",continent,Capoeiras,81,460,3,2,1,2900
"Apartamento para alugar, 116 m² por R$ 4.730,00/mês - Abraão - Florianópolis/SC",continent,Abraão,116,1150,3,1,2,3400
Apartamento de 1 quarto para alugar no bairro Estreito,continent,Estreito,30,245,1,1,1,1350
"Apartamento com 3 dormitórios para alugar, 74 m² por R$ 3.027,09/mês - Capoeiras - Florian",continent,Capoeiras,74,428,3,1,1,2500
Aluguel | Apartamento 2 dormitórios (1 suíte),continent,Jardim Atlântico,68,700,2,2,1,3999
Apartamento de 2 quartos para alugar no bairro Estreito,continent,Jardim Atlântico,43,459,2,1,1,1700
"Apartamento 2 dormitórios para alugar, 70m², Estreito - Florianópolis",continent,Canto,70,415,2,1,1,1600
FLORIANóPOLIS - Kitchenette/Conjugados - Jardim Atlântico,continent,Jardim Atlântico,27,440,1,1,0,1000
FLORIANóPOLIS - Apartamento Padrão - Capoeiras,continent,Capoeiras,48,250,2,1,0,1650
Apartamento para Aluguel Apartamento de 2 domitórios com estacionamento no Condomínio Poet,continent,Abraão,58,434,2,1,0,1500
COBERTURA 3 DORMITÓRIOS PARA LOCAÇÃO,continent,Bom Abrigo,396,2112,3,4,2,10500
FLORIANóPOLIS - Apartamento Padrão - Estreito,continent,Estreito,104,513,2,2,1,3350
Localização Privilegiada no Coração do Estreito!,continent,Estreito,101,650,3,2,2,4300
Apartamento para alugar no bairro Coqueiros - Florianópolis/SC,continent,Capoeiras,25,150,1,1,0,1500
"Apartamento para Aluguel - Capoeiras, 2 Quartos,  57 m2",continent,Coloninha,57,200,2,1,1,2000
Apto 2 dorm Coqueiros/FLN,continent,Coqueiros,85,,2,1,1,2800
FLORIANóPOLIS - Apartamento Padrão - Jardim Atlântico,continent,Jardim Atlântico,101,700,3,3,2,6496
Apartamento de 01 quarto no Estreito.,continent,Estreito,30,245,1,1,1,1350
APARTAMENTO COM 2 QUARTOS NO ESTREITO,continent,Jardim Atlântico,44,459,2,1,1,1700
FLORIANóPOLIS - Apartamento Padrão - Jardim Atlântico,continent,Jardim Atlântico,101,685,3,2,2,5885
Aluga-se cantinet,continent,Coqueiros,50,,1,1,1,900
FLORIANóPOLIS - Apartamento Padrão - Coqueiros,continent,Coqueiros,128,980,3,3,1,5000
FLORIANóPOLIS - Apartamento Padrão - Capoeiras,continent,Capoeiras,20,250,1,1,0,1450
"Apto de frente semi mobiliado, com sala de jantar completa, painel para TV, sacada fechada",continent,Capoeiras,119,808,3,2,2,4900
FLORIANóPOLIS - Apartamento Padrão - Abraão,continent,Abraão,104,918,3,2,2,4000
"Capoeiras | Apartamento 3 quartos, sendo 1 suite",continent,Capoeiras,84,580,3,1,4,2750
"Apartamento com 3 dormitórios para alugar, 83 m² por R$ 3.600,00/mês - Estreito - Florianó",continent,Jardim Atlântico,83,650,3,2,1,3600
FLORIANóPOLIS - Apartamento Padrão - Jardim Atlântico,continent,Jardim Atlântico,65,470,2,1,1,2450
FLORIANóPOLIS - Apartamento Padrão - Abraão,continent,Abraão,67,503,2,2,2,2200
"Apartamento com 2 dormitórios para alugar, 84 m² por R$ 4.227,53/mês - Abraão - Florianópo",continent,Abraão,84,839,2,2,1,3200
Aluguel apto estreito,continent,Coloninha,88,600,2,2,1,1800
FLORIANÓPOLIS - Apartamento Padrão - ABRAÃO,continent,Abraão,102,934,3,2,1,4200
"Estreito | Apartamento 2 quartos, sendo 2 suites",continent,Canto,95,600,2,5,2,4000
FLORIANóPOLIS - Apartamento Padrão - Jardim Atlântico,continent,Jardim Atlântico,68,300,2,1,1,1700
FLORIANóPOLIS - Apartamento Padrão - Jardim Atlântico,continent,Jardim Atlântico,68,575,2,2,1,3999
FLORIANÓPOLIS - Apartamento Padrão - ABRAÃO,continent,Abraão,103,1056,3,3,1,3600
FLORIANÓPOLIS - Apartamento Padrão - ABRAÃO,continent,Abraão,104,1063,3,3,1,4000
"Apartamento com 2 dormitórios para alugar, 30 m² por R$ 1.350,00/mês - Capoeiras - Florian",continent,Capoeiras,30,,2,1,0,1350
FLORIANóPOLIS - Apartamento Padrão - Itaguaçu,continent,Itaguaçu,280,1040,2,3,3,8500
"Apto. Mobiliado..Sobrado, Dir.Prop., c/Agua&luz.,incluso ",continent,Capoeiras,35,,1,1,0,1280
"Apartamento com 3 quartos no bairro Estreito em florianópolis, 81,23m²",continent,Estreito,81,660,3,1,1,2300
FLORIANóPOLIS - Apartamento Padrão - Abraão,continent,Abraão,104,954,3,2,2,3450
"Apartamento com 2 dormitórios para alugar, 112 m² por R$ 5.559,82/mês - Abraão - Florianóp",continent,Abraão,113,897,2,2,1,4500
"Kitnet com 1 dormitório para alugar, 20 m² por R$ 1.300,00/mês - Capoeiras - Florianópolis",continent,Capoeiras,20,,1,1,0,1300
"Apartamento com 2 dormitórios para alugar, 82 m² por R$ 2.414,57/mês - Estreito - Florianó",continent,Estreito,82,,2,1,0,2300
FLORIANÓPOLIS - Apartamento Padrão - ABRAÃO,continent,Abraão,105,1101,3,2,1,4000
FLORIANóPOLIS - Apartamento Padrão - Capoeiras,continent,Capoeiras,91,398,3,2,1,2800
Apartamento para Aluguel Studio com sacada e garagem no bairro Bom Abrigo FLORIANOPOLIS,continent,Bom Abrigo,36,330,1,1,1,2350
"Apartamento com 3 dormitórios para alugar, 103 m² por R$ 4.968/mês - Abraão - Florianópoli",continent,Abraão,104,1060,3,2,1,3600
FLORIANóPOLIS - Apartamento Padrão - Capoeiras,continent,Capoeiras,54,400,2,1,1,3200
Apartamento com 1 dormitório no Estreito!!,continent,Canto,50,380,1,1,0,1650
FLORIANóPOLIS - Apartamento Padrão - Estreito,continent,Capoeiras,65,481,2,1,1,1300
FLORIANóPOLIS - Apartamento Padrão - Jardim Atlântico,continent,Jardim Atlântico,135,741,3,2,1,3800
"Apartamento com 3 dormitórios para alugar, 95 m² por R$ 5.498,10/mês - Abraão - Florianópo",continent,Abraão,96,1008,3,2,1,4300
Apartamento FLORIANOPOLIS SC,continent,Estreito,120,800,4,3,1,5600
FLORIANÓPOLIS - Apartamento Padrão - ABRAÃO,continent,Abraão,96,891,3,3,1,4500
"Apartamento 3 dormitórios sendo 1 suite para alugar, 117m², Itaguaçu - Florianópolis",continent,Abraão,115,630,3,2,2,3500
Apartamento de 3 quartos para alugar no bairro Estreito,continent,Estreito,106,900,3,2,2,2800
Kitnet de 1 quarto para alugar no bairro Balneário,continent,Balneário,35,150,1,1,0,750
FLORIANóPOLIS - Apartamento Padrão - Abraão,continent,Abraão,129,750,3,2,1,3200
FLORIANóPOLIS - Apartamento Padrão - Abraão,continent,Abraão,78,615,2,2,1,2990
FLORIANóPOLIS - Apartamento Padrão - Balneário,continent,Balneário,117,785,3,3,1,2800
FLORIANóPOLIS - Apartamento Padrão - Coqueiros,continent,Coqueiros,187,1642,3,3,1,2800
FLORIANÓPOLIS - Apartamento Padrão - JARDIM ATLÂNTICO,continent,Jardim Atlântico,125,630,3,3,2,6180
Apartamento para alugar no bairro Balneário - Florianópolis/SC,continent,Balneário,186,600,3,3,2,4500
EXCELENTE APARTAMENTO 3 QUARTOS,continent,Estreito,107,900,3,2,2,2800
FLORIANóPOLIS - Apartamento Padrão - Coqueiros,continent,Coqueiros,70,500,2,1,1,2000
KITINET LOCALIZADA NA GERAL DO BAIRRO ESTREITO EM FLORIANÓPOLIS!,continent,Balneário,35,150,1,1,0,750
FLORIANÓPOLIS - Apartamento Padrão - ABRAÃO,continent,Abraão,84,841,2,3,1,3200
FLORIANÓPOLIS - Apartamento Padrão - ABRAÃO,continent,Abraão,96,889,3,3,1,4200
"Apartamento com 3 dormitórios para alugar, 96 m² por R$ 5.400,02/mês - Abraão - Florianópo",continent,Abraão,96,1009,3,2,1,4200
FLORIANóPOLIS - Apartamento Padrão - Abraão,continent,Abraão,84,900,3,2,2,4200
Aluga-se apto ,continent,Coloninha,100,600,3,2,1,2300
Apartamento de 2 quartos para alugar no bairro Jardim Atlântico,continent,Jardim Atlântico,73,172,2,1,1,1400
Florianopolis - Kitchenette/Conjugados - Coqueiros,continent,Coqueiros,25,60,1,1,0,1200
Excelente Apartamento 2 dorm Coqueiros,continent,Coqueiros,65,630,2,2,1,2300
FLORIANóPOLIS - Apartamento Padrão - Abraão,continent,Abraão,97,866,3,2,2,4100
FLORIANóPOLIS - Apartamento Padrão - Estreito,continent,Canto,125,700,3,3,2,5500
Apartamento para aluguel 3 quartos em Coqueiros - Florianópolis - SC,continent,Coqueiros,110,1050,3,2,2,3500
FLORIANÓPOLIS - Apartamento Padrão - JARDIM ATLÂNTICO,continent,Jardim Atlântico,125,633,3,3,2,6401
FLORIANóPOLIS - Apartamento Padrão - Estreito,continent,Capoeiras,105,580,3,1,1,3450
FLORIANóPOLIS - Apartamento Padrão - Abraão,continent,Abraão,96,859,3,2,2,4300
FLORIANóPOLIS - Apartamento Padrão - Abraão,continent,Capoeiras,99,678,3,2,1,2950
FLORIANóPOLIS - Apartamento Padrão - Estreito,continent,Estreito,70,442,2,1,1,2300
amplo apartamento semi-mobiliado de frente a beiramar continental,continent,Estreito,89,220,2,1,0,2800
Aluguel | Apartamento 3 dormitórios (1 suíte),continent,Jardim Atlântico,93,815,3,2,2,3000
"Cobertura para Locação em Florianópolis, Bom Abrigo, 3 dormitórios, 1 suíte, 4 banheiros, ",continent,Bom Abrigo,397,2100,3,4,2,10200
Apartamento de 3 quartos para alugar no bairro Capoeiras,continent,Capoeiras,97,270,3,2,1,3200
FLORIANÓPOLIS - Apartamento Padrão - ABRAÃO,continent,Abraão,97,1000,3,3,1,4100
APARTAMENTO 3 QUARTOS (1 SUITE) NO CORAÇÃO DO ESTREITO!,continent,Canto,107,1004,3,1,2,4500
Aluguel | Apartamento 2 dormitórios (1 suíte),continent,Jardim Atlântico,68,850,2,2,1,4004
"Apartamento com 3 dormitórios para alugar, 105 m² por R$ 5.307,34/mês - Abraão - Florianóp",continent,Abraão,106,1091,3,2,1,4000
"Apartamento com 2 dormitórios para alugar, 70 m² por R$ 1.998,22/mês - Capoeiras - Florian",continent,Coqueiros,70,397,2,1,1,1500
FLORIANóPOLIS - Apartamento Padrão - Abraão,continent,Abraão,96,860,3,2,1,4200
FLORIANÓPOLIS - Apartamento Padrão - JARDIM ATLÂNTICO,continent,Jardim Atlântico,67,,2,2,1,4199
"Apto amplo com 04 dormitórios sendo 01 deles com armário embutido, suíte com split, bwc su",continent,Capoeiras,117,782,4,2,2,3600
"Apartamento com 2 dormitórios para alugar, 83 m² por R$ 4.263,59/mês - Abraão - Florianópo",continent,Abraão,83,883,2,2,1,3200
APARTAMENTO 03 QUARTOS E SUÍTE  NO BAIRRO ESTREITO EM FLORIANÓPOLIS,continent,Capoeiras,116,830,3,2,1,4300
FLORIANóPOLIS - Apartamento Padrão - Abraão,continent,Abraão,84,728,2,2,1,3200
"Apartamento para aluguel, 3 quartos, 1 suíte, 2 vagas, Estreito - Florianópolis/SC",continent,Jardim Atlântico,118,1000,3,2,2,3000
Apto / casa  01 dormitorio,continent,Coqueiros,60,,1,1,1,1500
FLORIANóPOLIS - Apartamento Padrão - Abraão,continent,Abraão,106,936,3,2,2,4000
FLORIANOPOLIS - Apartamento Padrão - Estreito,continent,Canto,113,814,2,2,2,4000
Florianópolis - Apartamento Padrão - Capoeiras,continent,Capoeiras,75,820,2,2,2,3850
FLORIANóPOLIS - Apartamento Padrão - Balneário,continent,Balneário,102,802,3,3,1,1950
Aluguel | Apartamento 3 dormitórios (1 suíte),continent,Jardim Atlântico,93,815,3,2,2,2800
"Apartamento para Aluguel - Estreito, 4 Quartos,  135 m2",continent,Estreito,135,700,4,3,1,5800
"Apartamento com 3 quartos no bairro capoeiras em florianópolis, 97m²",continent,Capoeiras,97,270,3,2,1,3200
Apartamento no Estreito com 2 quartos,continent,Canto,113,600,2,2,2,4000
FLORIANóPOLIS - Apartamento Padrão - Jardim Atlântico,continent,Jardim Atlântico,101,685,3,2,2,6096
FLORIANóPOLIS - Apartamento Padrão - Jardim Atlântico,continent,Jardim Atlântico,101,685,3,2,2,5427
"Apartamento com 2 dormitórios para alugar, 50 m² por R$ 1.720,95/mês - Capoeiras - Florian",continent,Capoeiras,50,,2,1,1,1700
Aluguel | Apartamento 3 dormitórios (2 suítes),continent,Jardim Atlântico,101,850,3,2,2,6096
"Apartamento para Aluguel - Coqueiros, 2 Quartos,  70 m2",continent,Coqueiros,70,800,2,2,1,3521
FLORIANóPOLIS - Apartamento Padrão - Capoeiras,continent,Capoeiras,68,500,3,1,1,1900
FLORIANóPOLIS - Apartamento Padrão - Abraão,continent,Abraão,83,800,2,2,1,3300
FLORIANóPOLIS - Apartamento Padrão - Abraão,continent,Abraão,104,972,3,2,2,3600
"Apartamento com 1 dormitório para alugar, 31 m² por R$ 1.396,82/mês - Capoeiras - Florianó",continent,Capoeiras,32,294,1,1,1,1050
FLORIANÓPOLIS - Apartamento Padrão - ESTREITO,continent,Capoeiras,75,560,2,2,1,3000
NOW RESIDENCE,continent,Canto,68,666,2,1,1,3600
"Apartamento para locação, Canto, Florianópolis, SC",continent,Canto,28,,1,1,1,1600
Aluga-se kitnet no Estreito,continent,Canto,36,,1,1,0,1000
Apartamento de 4 quartos para alugar no bairro Balneário,continent,Balneário,130,622,4,3,1,3000
Florianópolis - Apartamento - Coqueiros,continent,Coqueiros,118,780,4,2,2,3500
FLORIANóPOLIS - Apartamento Padrão - Abraão,continent,Abraão,83,780,2,2,2,3200
FLORIANóPOLIS - Apartamento Padrão - Coqueiros,continent,Coqueiros,81,1433,3,2,2,3500
FLORIANóPOLIS - Apartamento Padrão - Coqueiros,continent,Coqueiros,82,653,2,2,1,2650
FLORIANóPOLIS - Apartamento Padrão - Estreito,continent,Capoeiras,86,605,3,2,1,3600
FLORIANÓPOLIS - Apartamento Padrão - ABRAÃO,continent,Abraão,83,790,2,3,1,4500
Excelente imóvel de 3 dormitórios,continent,Balneário,130,622,4,3,1,3000
Apartamento FLORIANOPOLIS SC,continent,Itaguaçu,90,600,3,1,1,2300
"Coqueiros | Apartamento 2 quartos, sendo 2 suites",continent,Coqueiros,80,816,2,3,1,4000
Apt 3 quartos Belle Vie Coqueiros,continent,Coqueiros,120,950,3,3,2,4200
Apartamento FLORIANOPOLIS SC,continent,Balneário,112,1200,3,3,1,4000
"Estreito | Cobertura 3 quartos, sendo 1 suite",continent,Estreito,232,1100,3,1,2,5900
FLORIANóPOLIS - Apartamento Padrão - Jardim Atlântico,continent,Jardim Atlântico,102,615,2,2,1,3490
Apartamento de 3 quartos para alugar no bairro Jardim Atlântico,continent,Jardim Atlântico,80,553,3,2,1,2500
FLORIANóPOLIS - Apartamento Padrão - Capoeiras,continent,Capoeiras,78,658,2,1,1,2700
FLORIANóPOLIS - Apartamento Padrão - Estreito,continent,Canto,107,1004,3,3,2,4500
FLORIANóPOLIS - Apartamento Padrão - Coqueiros,continent,Coqueiros,57,335,2,1,0,1600
Apartamento de 3 quartos para alugar no bairro Jardim Atlântico,continent,Jardim Atlântico,94,450,3,1,1,3100
FLORIANóPOLIS - Apartamento Padrão - Abraão,continent,Abraão,79,691,2,2,1,3750
FLORIANóPOLIS - Apartamento Padrão - Coqueiros,continent,Coqueiros,99,936,2,3,1,3700
"Apartamento para Aluguel - Capoeiras, 2 Quartos,  81 m2",continent,Capoeiras,81,550,2,2,2,2800
Alugo kitnet ,continent,Capoeiras,20,,1,1,0,750
EXCELENTE APARTAMENTO NO BAIRRO ESTREITO EM FLORIANÓPOLIS!!!,continent,Jardim Atlântico,80,553,3,2,1,2500
Apartamento para locação em Coqueiros,continent,Coqueiros,43,460,1,1,1,1600
Apartamento 3 dormitórios mobiliado no Coqueiros,continent,Coqueiros,110,1000,3,3,2,4200
FLORIANóPOLIS - Apartamento Padrão - Estreito,continent,Capoeiras,80,520,2,2,1,4000
"Apartamento de 3 quartos no bairro jardim atlântico em florianópolis, 94,23m²",continent,Jardim Atlântico,94,450,3,1,1,3100
"Cobertura com 2 suites no bairro abraão em florianópolis, 169,47m²",continent,Abraão,169,1200,2,3,4,9800
FLORIANóPOLIS - Apartamento Padrão - Capoeiras,continent,Coqueiros,57,474,2,1,1,1750
FLORIANóPOLIS - Apartamento Padrão - Capoeiras,continent,Capoeiras,75,497,2,1,1,2100
"Estreito | Apartamento 2 quartos, sendo 1 suite",continent,Canto,101,1060,2,2,1,3500
STUDIO NOVO / PRIMEIRA LOCAÇÃO / ESTACIONAMENTO,continent,Capoeiras,30,,1,1,1,1200
FLORIANóPOLIS - Apartamento Padrão - Canto,continent,Canto,229,1000,3,4,3,12000
"Alugo apartamento 1 quarto, kitinet, nova, mobiliada, direto com proprietario",continent,Jardim Atlântico,33,,1,1,0,1390
"Apartamento para Aluguel - Capoeiras, 2 Quartos,  60 m2",continent,Capoeiras,60,400,2,1,1,3100
FLORIANóPOLIS - Apartamento Padrão - Abraão,continent,Abraão,83,766,2,2,2,4500
FLORIANóPOLIS - Apartamento Padrão - Abraão,continent,Abraão,200,1518,3,3,2,5500
FLORIANóPOLIS - Apartamento Padrão - Jardim Atlântico,continent,Jardim Atlântico,68,575,2,2,1,3890
FLORIANóPOLIS - Apartamento Padrão - Coqueiros,continent,Coqueiros,54,407,2,1,1,1700
Estreito | Apartamento 1 quarto,continent,Canto,45,290,1,1,1,2500
FLORIANóPOLIS - Apartamento Padrão - Abraão,continent,Abraão,101,800,3,2,1,4000
FLORIANóPOLIS - Apartamento Padrão - Abraão,continent,Abraão,96,899,3,2,1,4500
FLORIANóPOLIS - Apartamento Padrão - Coloninha,continent,Coloninha,166,860,3,3,2,8500
FLORIANóPOLIS - Apartamento Padrão - Abraão,continent,Abraão,56,313,2,1,1,1900
"APARTAMENTO, Residencial;  3 dormitorios, 1 suite, 3 bwc",continent,Canto,106,1265,3,3,2,3740
FLORIANÓPOLIS - Apartamento Padrão - JARDIM ATLÂNTICO,continent,Jardim Atlântico,101,953,3,3,2,6821
FLORIANóPOLIS - Apartamento Padrão - Coqueiros,continent,Coqueiros,90,677,3,2,1,1500
FLORIANóPOLIS - Apartamento Padrão - Coqueiros,continent,Coqueiros,78,1049,2,2,1,3000
Apartamento de 1 quarto para alugar no bairro Coqueiros,continent,Coqueiros,70,,1,1,1,3000
FLORIANóPOLIS - Apartamento Padrão - Coqueiros,continent,Coqueiros,101,644,3,2,2,3850
FLORIANóPOLIS - Apartamento Padrão - Estreito,continent,Estreito,100,662,3,3,1,3500
"Studio no bairro Coqueiros em florianópolis, 70m²",continent,Coqueiros,70,,1,1,1,3000
FLORIANóPOLIS - Apartamento Padrão - Estreito,continent,Estreito,50,,2,2,0,1800
FLORIANóPOLIS - Apartamento Padrão - Canto,continent,Canto,96,600,2,2,2,4000
Apartamento localizado no Estreito,continent,Canto,106,1004,3,3,2,4500
FLORIANóPOLIS - Apartamento Padrão - Abraão,continent,Abraão,104,914,3,2,2,3800
FLORIANóPOLIS - Apartamento Padrão - Capoeiras,continent,Capoeiras,116,767,3,3,1,4100
Florianópolis - Apartamento Padrão - Trindade,east,Carvoeira,85,650,3,2,2,2900
Apartamento com 3 dormitórios no Itacorubi,east,Itacorubi,83,550,3,2,2,3800
ALUGUEL MENSAL FORTELZA DA BARRA ,east,Barra da Lagoa,35,,1,1,1,1100
FLORIANóPOLIS - Apartamento Padrão - Itacorubi,east,Itacorubi,76,789,3,1,2,4500
Apartamento de 2 quartos,east,Itacorubi,65,500,2,1,1,2450
Res. Villa Rica - Pantanal UFSC - AP0312_SRI,east,Pantanal,115,1000,2,2,2,5200
Ap na Fortaleza da barra mobiliado ,east,Barra da Lagoa,35,,1,1,1,1100
"Apartamento com 2 dormitórios para alugar, 70 m² por R$ 2.515,01/mês - Pantanal - Florianó",east,Saco dos Limões,70,,2,1,1,2350
ALUGO - APARTAMENTO 3 DORMITÓRIOS SEMI MOBILIADO NA TRINDADE,east,Trindade,133,429,3,1,1,2500
"APARTAMENTO, Residencial;  2 dormitorios, 1 bwc;  Mobiliado",east,Carvoeira,84,450,2,1,1,2100
Excelente Apto 2 dorm (suíte) 2 vagas Córrego Grande,east,Córrego Grande,80,524,2,2,2,3000
Apartamento - Florianópolis SC,east,Barra da Lagoa,35,150,1,1,1,1500
"Apartamento para Aluguel - Itacorubi, 3 Quartos,  69 m2",east,Itacorubi,69,450,3,1,1,2200
Alugo-centrinho da Lagoa ,east,Lagoa da Conceição,35,,2,1,0,1900
APARTAMENTO - LAGOA DA CONCEIÇÃO - SC,east,Lagoa da Conceição,160,1200,3,3,2,6100
STUDIOS AO LADO UFSC,east,Carvoeira,25,,1,1,0,1800
Aluguel | Apartamento 2 dormitórios (1 suíte),east,Itacorubi,67,950,2,2,1,2900
FLORIANóPOLIS - Apartamento Padrão - Trindade,east,Trindade,98,473,1,1,0,1950
Florianópolis - Apartamento - Trindade,east,Trindade,91,867,3,2,2,4850
FLORIANóPOLIS - Apartamento Padrão - Carvoeira,east,Carvoeira,59,490,2,1,1,2000
"Apartamento com 3 dormitórios para alugar, 187 m² por R$ 9.473,00/mês - Lagoa da Conceição",east,Lagoa da Conceição,188,940,3,2,3,8000
Aluguel | Apartamento 2 dormitórios (1 suíte),east,Trindade,91,1200,2,2,2,3200
"Apartamento para Aluguel - Trindade, 1 Quarto,  20 m2",east,Trindade,20,,1,1,0,978
Apartamento semimobiliado no bairro itacorubi em florianópolis,east,Itacorubi,82,650,3,2,1,3800
"Apartamento para Aluguel - Trindade, 1 Quarto,  31 m2",east,Trindade,31,340,1,1,1,2800
"Apartamento para Aluguel - Trindade, 2 Quartos,  69 m2",east,Trindade,69,499,2,2,1,4332
Kitinet FLORIANÓPOLIS - SC,east,Córrego Grande,40,,1,1,0,1500
Alugo Apartamento na Lagoa da Conceição ,east,Lagoa da Conceição,90,480,2,2,1,2800
APARTAMENTO COM 2 QUARTOS NO BAIRRO TRINDADE EM FLORIANÓPOLIS!!,east,Trindade,66,216,2,2,2,2500
FLORIANóPOLIS - Apartamento Padrão - Lagoa da Conceição,east,Lagoa da Conceição,61,55,2,1,1,2500
FLORIANóPOLIS - Apartamento Padrão - Córrego Grande,east,Córrego Grande,63,400,2,1,1,2400
LOCAÇÃO DIRETA C/ PROPRIETÁRIO Apt. localizado a 500m da UFSC no bairro Trindade em Floria,east,Trindade,45,400,1,1,1,3000
Aluguel | Apartamento 3 dormitórios (1 suíte),east,Itacorubi,82,1000,3,2,2,3350
Aluguel | Apartamento 2 dormitórios (1 suíte),east,Itacorubi,79,690,2,1,1,2800
COBERTURA COM 2 QUARTOS (1 SUÍTE) NO BAIRRO CARVOEIRA!,east,Carvoeira,82,603,2,1,2,2800
Apartamento de 2 quartos para alugar no bairro Córrego Grande,east,Córrego Grande,82,568,2,1,1,4300
Apartamento - Florianópolis SC,east,Lagoa da Conceição,40,,1,1,1,400
"STUDIO, NOVIDADE NO MERCADO- ALTO PADRÃO",east,Itacorubi,18,60,1,1,1,1600
Triplex para aluguel possui 187 metros quadrados com 2 quartos,east,Lagoa da Conceição,187,800,2,1,3,8000
FLORIANóPOLIS - Apartamento Padrão - Itacorubi,east,Itacorubi,121,853,3,2,1,4200
"Apartamento com 1 dormitório para alugar, 65 m² por R$ 3.691,10/mês - Itacorubi - Florianó",east,Itacorubi,65,699,1,1,1,2900
Aluguel mensal em bela Pousada na Lagoa da Conceição,east,Lagoa da Conceição,35,200,1,1,1,2000
FLORIANóPOLIS - Apartamento Padrão - Trindade,east,Trindade,85,614,3,3,1,2700
"Apartamento Duplex com 3 dormitórios para alugar, 172 m² por R$ 5.230,00/mês - Carvoeira -",east,Carvoeira,172,400,3,3,1,4700
Aluguel | Apartamento 2 dormitórios (1 suíte),east,Saco dos Limões,65,850,2,2,1,2800
Apartamento para alugar no bairro Lagoa da Conceição - Florianópolis/SC,east,Lagoa da Conceição,52,,2,1,1,2200
Apartamento para alugar no bairro Lagoa da Conceição - Florianópolis/SC,east,Lagoa da Conceição,42,,1,1,1,1700
Apartamento para alugar no bairro Lagoa da Conceição - Florianópolis/SC,east,Lagoa da Conceição,36,,1,1,1,1300
Apartamento para alugar no bairro Lagoa da Conceição - Florianópolis/SC,east,Lagoa da Conceição,60,,2,1,1,2200
"Apartamento com 3 dormitórios para alugar, 122 m² - Canto da Lagoa - Lagoa da Conceição - ",east,Lagoa da Conceição,160,1200,3,3,2,7500
Excelente Apto 2 Suítes Itacorubi,east,Itacorubi,65,450,2,2,2,6200
Alugo kitinete mobiliada ,east,Córrego Grande,30,35,1,1,1,1400
Florianópolis - Apartamento - Trindade,east,Trindade,73,834,2,2,2,3800
Apartamento FLORIANÓPOLIS - SC,east,Saco dos Limões,92,900,3,1,1,2800
FLORIANóPOLIS - Studio - Pantanal,east,Pantanal,31,560,1,1,1,2750
Apartamento FLORIANÓPOLIS - SC,east,Carvoeira,33,253,1,1,1,1800
FLORIANóPOLIS - Apartamento Padrão - Trindade,east,Trindade,74,700,3,1,1,2150
Itacorubi | Apartamento 3 dorms + dependência,east,Itacorubi,121,1301,3,3,2,3900
"Cobertura para alugar, 205 m² por R$ 9.070,00/mês - Itacorubi - Florianópolis/SC",east,Itacorubi,205,1120,3,2,3,7500
Kitnet Trindade,east,Trindade,34,,1,1,0,1100
Apartamento mobiliado de 4 dormitorios para locaçao proximo a ufsc 112m²,east,Trindade,112,650,4,3,2,4200
Condominio  Fechado na Lagoa Da Conceiçao,east,Lagoa da Conceição,68,,1,1,1,1900
Apartamento Trindade  perto da UFSC e Shopping ,east,Trindade,109,872,3,2,1,3100
"Apartamento com 3 dormitórios para alugar, 82 m² por R$ 6.135,00/mês - Santa Mônica - Flor",east,Santa Mônica,82,500,3,2,2,5500
FLORIANóPOLIS - Apartamento Padrão - Carvoeira,east,Carvoeira,60,580,2,1,1,2450
Aluguel cristal park itacorubi ,east,Itacorubi,65,620,2,2,1,3600
Alugo APTO c/ SACADA e ar condicionado próx Ufsc ,east,Carvoeira,37,,1,1,1,1950
"Apartamento para Aluguel - Itacorubi, 1 Quarto,  33 m2",east,Itacorubi,33,360,1,1,1,1700
Aluguel | Apartamento 2 dormitórios (1 suíte),east,Trindade,69,850,2,2,1,2900
FLORIANóPOLIS - Apartamento Padrão - Itacorubi,east,Itacorubi,61,498,2,1,1,3200
APARTAMENTO EM FRENTE A UFSC  NO BAIRRO PANTANAL EM FLORIANÓPOLIS,east,Pantanal,62,542,2,1,1,2500
FLORIANóPOLIS - Apartamento Padrão - Itacorubi,east,Itacorubi,90,794,2,2,1,2600
Locação de maravilhoso apartamento no Santa Mônica,east,Itacorubi,120,649,4,3,1,4200
Apto novo mobiliado ( Para 1 pessoa solteira ) ,east,Lagoa da Conceição,40,,1,1,0,1400
FLORIANóPOLIS - Apartamento Padrão - Itacorubi,east,Itacorubi,65,521,2,1,1,3200
CANTO DA LAGOA - SERVIDÃO CANTO VERDE Nº 37 APTO 201,east,Lagoa da Conceição,60,,2,1,0,2200
FLORIANóPOLIS - Padrão - Pantanal,east,Pantanal,30,440,1,1,1,2200
FLORIANóPOLIS - Apartamento Padrão - Pantanal,east,Pantanal,30,341,1,1,1,2950
Kitinete mobiliada p/ 01 Pessoa,east,Trindade,25,,1,1,0,1600
Apartamento - Florianópolis SC,east,Lagoa da Conceição,43,245,1,1,1,1550
Apartamento Mobiliado Córrego Grande de 2Quartos,east,Córrego Grande,80,500,2,2,1,2700
Aluguel | Apartamento 2 dormitórios (1 suíte),east,Pantanal,63,750,2,2,2,2650
"LAGOA DA CONCEIÇÃO - AVENIDA AFONSO DELAMBERT NETO, 1006 APTO 101",east,Lagoa da Conceição,120,,2,2,0,6300
FLORIANóPOLIS - Apartamento Padrão - Itacorubi,east,Itacorubi,83,550,3,2,2,3800
FLORIANóPOLIS - Apartamento Padrão - Corrego Grande,east,Córrego Grande,64,486,2,1,1,2400
Apartamento na Trindade próximo à UFSC,east,Trindade,70,500,2,2,2,3200
Aluguel | Apartamento 3 dormitórios (1 suíte),east,Itacorubi,101,1000,3,2,2,6000
Apartamento para Locação no Itacorubi,east,Itacorubi,72,525,2,1,1,2600
FLORIANóPOLIS - Padrão - Pantanal,east,Pantanal,32,440,1,1,1,2300
Apartamento de 1 quarto para alugar no bairro Córrego Grande,east,Córrego Grande,40,361,1,1,1,3500
"STUDIO, NOVIDADE NO MERCADO- ALTO PADRÃO",east,Itacorubi,18,60,1,1,0,1500
Apartamento com duas suítes no D/Spot,east,Córrego Grande,65,460,2,3,1,5000
FLORIANóPOLIS - Apartamento Padrão - Trindade,east,Trindade,46,,1,1,1,3000
"Apartamento para aluguel, 3 quartos, 1 suíte, 2 vagas, Corrego Grande - Florianópolis/SC",east,Córrego Grande,124,1250,3,2,2,6000
"Apartamento com 3 dormitórios para alugar, 74 m² por R$ 3.221,75/mês - Itacorubi - Florian",east,Itacorubi,74,450,3,1,1,2700
Apartamento 1 quarto colado UFSC,east,Córrego Grande,50,450,1,1,1,2500
FLORIANóPOLIS - Kitchenette/Conjugados - Trindade,east,Trindade,19,123,1,1,0,980
"Apartamento Triplex para alugar, 260 m² por R$ 8.000,00/mês - Lagoa da Conceição - Florian",east,Lagoa da Conceição,260,,4,3,3,8000
FLORIANóPOLIS - Apartamento Padrão - Itacorubi,east,Itacorubi,104,845,3,3,2,5000
FLORIANóPOLIS - Apartamento Padrão - Itacorubi,east,Itacorubi,60,500,1,1,1,2300
Aluguel | Apartamento 3 dormitórios (1 suíte),east,Itacorubi,101,1000,3,2,2,6500
FLORIANOPOLIS - Apartamento Padrão - Trindade,east,Trindade,45,400,1,1,1,2600
FLORIANóPOLIS - Apartamento Padrão - Corrego Grande,east,Córrego Grande,98,461,3,3,1,3100
Apto 2 quartos- Córrego Grande - perto UFSC,east,Córrego Grande,65,380,2,1,1,2400
FLORIANOPOLIS - Apartamento Padrão - Corrego Grande,east,Córrego Grande,116,1070,3,1,2,4500
"Apartamento para Aluguel - Itacorubi, 3 Quartos,  90 m2",east,Itacorubi,90,890,3,2,2,5300
Kitinete Ótimo Custo Benefício Próximo Ufsc,east,Pantanal,18,70,1,1,0,1000
"Trindade | Apartamento 3 quartos, sendo 1 suite",east,Trindade,92,830,3,2,1,3100
Apartamento FLORIANOPOLIS SC,east,Itacorubi,71,370,2,2,2,3700
FLORIANóPOLIS - Apartamento Padrão - Trindade,east,Trindade,60,643,3,2,1,2800
"LAGOA DA CONCEIÇÃO - AVENIDA AFONSO DELAMBERT NETO, 902 APTO 301",east,Lagoa da Conceição,165,,3,4,0,5000
Aluguel | Apartamento 3 dormitórios (1 suíte),east,Córrego Grande,116,872,3,2,1,4500
"JOAQUINA - SERVIDÃO JOÃO JOSÉ CORREIA DA SILVA, 60",east,Lagoa da Conceição,35,,1,1,0,1200
FLORIANóPOLIS - Apartamento Padrão - Itacorubi,east,Itacorubi,80,580,3,2,1,3500
APARTAMENTO 01 DORMITÓRIO NO BAIRRO TRINDADE EM FLORIANÓPOLIS,east,Trindade,55,250,1,1,0,1800
COBERTURA SENSACIONAL - PRÉDIO TOP MUNDIAL,east,Córrego Grande,107,,2,2,2,7900
Apartamento 2 quartos ,east,Lagoa da Conceição,96,200,2,1,1,2700
Cobertura excelente no Itacorubi.,east,Itacorubi,124,828,2,2,2,4300
PAUSADO,east,Trindade,28,,1,1,0,1500
FLORIANóPOLIS - Apartamento Padrão - Itacorubi,east,Itacorubi,71,589,2,1,2,2950
FLORIANóPOLIS - Apartamento Padrão - Trindade,east,Trindade,73,550,2,2,1,2900
Aluguel | Apartamento 3 dormitórios ( 1 suíte) + D,east,Itacorubi,97,1150,3,2,3,3500
FLORIANóPOLIS - Kitchenette/Conjugados - Carvoeira,east,Carvoeira,38,61,1,1,1,1700
Apartamento mobiliado UFSC TRINDADE,east,Trindade,25,,1,1,1,1750
Apartamento - Florianópolis SC,east,Lagoa da Conceição,188,1000,2,2,2,5000
"Apartamento para Aluguel - Córrego Grande, 1 Quarto,  25 m2",east,Itacorubi,25,400,1,1,1,1200
FLORIANóPOLIS - Apartamento Padrão - Carvoeira,east,Carvoeira,66,470,2,1,1,1900
Locação Apartamento Florianopolis SC,east,Lagoa da Conceição,68,780,1,1,1,3000
FLORIANóPOLIS - Apartamento Padrão - Itacorubi,east,Itacorubi,78,500,2,1,1,3300
Locação Quitinete Florianopolis SC,east,Trindade,35,60,1,1,0,1400
"Itacorubi | Apartamento 1 quarto, sendo 1 suite",east,Itacorubi,45,350,1,1,1,2800
Excelente Kitnet a 700m da UFSC / com Mezanino / Só Mulheres,east,Pantanal,20,89,1,1,0,1045
"APARTAMENTO, Residencial;  2 dormitorios, 1 bwc;  Mobiliado",east,Carvoeira,83,549,2,1,1,2650
"APARTAMENTO, Residencial;  2 dormitorios, 1 bwc",east,Trindade,74,512,2,1,1,2300
FLORIANóPOLIS - Apartamento Padrão - Trindade,east,Trindade,35,310,1,1,1,1600
Apartamento de 2 quartos para alugar no bairro Itacorubi,east,Itacorubi,71,450,2,1,1,2800
Apartamento de 2 quartos para alugar no bairro Trindade,east,Trindade,75,300,2,1,1,2150
Apartamento de 3 quartos para alugar no bairro Trindade,east,Trindade,67,400,3,1,0,2000
FLORIANóPOLIS - Padrão - Itacorubi,east,Itacorubi,89,1013,3,1,2,4900
"Apartamento com 1 dormitório para alugar, 37 m² por R$ 4.200,00/mês - Lagoa da Conceição -",east,Lagoa da Conceição,37,,1,1,0,4200
FLORIANÓPOLIS - Apartamento padrão - Itacorubi,east,Itacorubi,92,523,3,2,1,4000
Aluguel | Apartamento 2 dormitórios (1 suíte),east,Itacorubi,67,1000,2,2,2,3100
Aluguel | Apartamento 2 dormitórios (1 suíte),east,Trindade,69,850,2,2,2,4000
Aluguel | Apartamento 2 dormitórios (1 suíte),east,Itacorubi,87,850,2,2,2,3000
Aluguel | Apartamento 2 dormitórios (1 suíte),east,Itacorubi,69,900,2,2,1,2800
FLORIANóPOLIS - Apartamento Padrão - Itacorubi,east,Itacorubi,70,470,2,1,1,2000
"LAGOA DA CONCEIÇÃO - AVENIDA AFONSO DELAMBERT NETO, 902 APTO 303",east,Lagoa da Conceição,163,,3,1,0,6900
Aluguel | Apartamento 3 dormitórios (1 suíte),east,Itacorubi,101,682,3,2,2,6000
Alugo apto córrego Grande ,east,Córrego Grande,25,,1,1,1,1650
Locação Cobertura na Lagoa da Conceição,east,Lagoa da Conceição,180,1100,3,3,2,4800
Florianópolis - Apartamento - Trindade,east,Trindade,91,989,3,2,2,4890
Aluguel | Apartamento 3 dormitórios (1 suíte),east,Itacorubi,88,1200,3,2,2,2900
"APARTAMENTO DE 2 QUARTOS NO BAIRRO TRINDADE, EM FLORIANÓPOLIS",east,Trindade,75,300,2,1,1,2150
APARTAMENTO  2 QUARTOS NO BAIRRO ITACORUBI EM FLORIANÓPOLIS,east,Itacorubi,71,450,2,1,1,2800
Excelente Apto 2 Suítes Cozinha Completa Pantanal Ufsc,east,Itacorubi,63,690,2,2,1,3650
FLORIANóPOLIS - Apartamento Padrão - Pantanal,east,Pantanal,82,460,2,1,1,2970
"Apartamento para Aluguel Apartamento de 3 dormitórios (1 suíte), sacada e garagem no Córre",east,Córrego Grande,98,856,3,1,1,3600
Apartamento próximo ao hotel Mercure com elevador,east,Itacorubi,54,455,2,1,1,2000
FLORIANóPOLIS - Apartamento Padrão - Trindade,east,Trindade,65,550,2,1,1,2875
apartamento de 3 dormitorios 104 m² para locação Itacorubi Florianopolis,east,Itacorubi,104,845,3,2,2,4800
FLORIANóPOLIS - Apartamento Padrão - Lagoa da Conceição,east,Lagoa da Conceição,165,1100,3,1,2,5000
Aluguel | Apartamento 3  dormitórios (1 suíte),east,Itacorubi,124,1300,3,2,2,4800
Ótimo Apartamento Com um quarto no Córrego Grande,east,Córrego Grande,44,360,1,1,1,2300
FLORIANóPOLIS - Apartamento Padrão - Carvoeira,east,Carvoeira,172,415,3,4,1,4700
Ap 2 quartos alugar,east,Barra da Lagoa,50,,2,1,1,1800
"Trindade | Apartamento 2 quartos, sendo 1 suite",east,Trindade,70,516,2,2,1,3200
FLORIANóPOLIS - Apartamento Padrão - Córrego  grande,east,Córrego Grande,114,950,3,3,2,5500
Apartamento de 1 quarto para alugar no bairro Córrego Grande,east,Córrego Grande,40,420,1,1,1,2950
Apartamento de 1 quarto para alugar no bairro Córrego Grande,east,Córrego Grande,34,490,1,1,2,2750
"Apartamento 1 quarto no Bairro Córrego Grande, em Florianópolis",east,Córrego Grande,34,490,1,1,2,2750
"Studio no Bairro Córrego Grande, em florianópolis",east,Córrego Grande,40,420,1,1,1,2950
FLORIANóPOLIS - Apartamento Padrão - Itacorubi,east,Itacorubi,70,510,2,1,1,2800
FLORIANóPOLIS - Apartamento Padrão - Trindade,east,Trindade,66,480,2,1,1,3200
Florianópolis - Apartamento - Itacorubi,east,Itacorubi,128,1639,3,3,2,5200
Florianópolis - Apartamento - Pantanal,east,Pantanal,142,817,3,3,2,3300
Apartamento semimobiliado no Bairro Itacorubi em florianópolis,east,Itacorubi,83,600,3,2,2,4000
Apartamento FLORIANÓPOLIS - SC,east,Itacorubi,84,560,3,2,1,4800
Cobertura no córrego grande,east,Córrego Grande,224,1125,3,3,4,10000
3 Dormitórios Itacorubi,east,Itacorubi,80,620,3,2,1,3500
"Trindade | Apartamento 2 quartos, sendo 1 suite",east,Trindade,90,765,2,1,1,3200
APARTAMENTO 3 QUARTOS NO BAIRRO ITACORUBI EM FLORIANÓPOLIS,east,Itacorubi,74,778,3,2,1,2950
FLORIANóPOLIS - Apartamento Padrão - Córrego Grande,east,Córrego Grande,88,500,3,2,2,3600
"Apartamento com 2 dormitórios para alugar, 53 m² por R$ 2.425,58/mês - Itacorubi - Florian",east,Itacorubi,54,364,2,1,1,2000
"Apartamento residencial no bairro itacorubi, em florianópolis",east,Itacorubi,96,1000,3,3,2,5500
FLORIANóPOLIS - Kitchenette/Conjugados - Pantanal,east,Pantanal,27,397,1,1,1,1700
FLORIANóPOLIS - Apartamento Padrão - Itacorubi,east,Itacorubi,82,650,3,2,1,3300
APARTAMENTO 1 QUARTO NO BAIRRO CÓRREGO GRANDE EM FLORIANÓPOLIS,east,Córrego Grande,36,564,1,1,1,2560
FLORIANÓPOLIS - Apartamento Padrão - Córrego Grande,east,Córrego Grande,64,690,2,1,1,2500
APARTAMENTO 2 QUARTOS NO BAIRRO PANTANAL EM FLORIANÓPOLIS,east,Pantanal,72,1300,2,2,0,3000
Apartamento de 2 quartos para alugar no bairro Córrego Grande,east,Córrego Grande,67,500,2,1,1,2555
Apartamento 3 quartos e uma suite no Itacorubi,east,Itacorubi,82,641,3,2,1,3800
Cobertura no Itacorubi para alugar,east,Itacorubi,133,755,2,3,1,5900
FLORIANóPOLIS - Apartamento Padrão - Carvoeira,east,Carvoeira,173,500,3,4,1,4900
Apartamento de 3 dormitorios mobiliado para locação itacorubi proximo a UDESC 82M²,east,Itacorubi,91,666,3,2,1,3800
Alugo apto 2qt em ótimo condomínio no Itacorubi,east,Itacorubi,57,500,2,1,1,2600
APARTAMENTO - TRINDADE - SC,east,Carvoeira,172,635,3,4,1,4700
Florianópolis - Apartamento - Córrego Grande,east,Córrego Grande,29,567,1,1,1,2790
A JUMY NÃO COBRA NADA PARA ALUGAR SEU IMÓVEL - ENTRE EM CONTATO CONOSCO.,east,Carvoeira,218,415,3,4,1,4700
FLORIANóPOLIS - Apartamento Padrão - Trindade,east,Trindade,29,450,1,1,1,2800
APARTAMENTO COM 176 M² NO  BAIRRO ITACORUBI EM FLORIANÓPOLIS,east,Itacorubi,176,1663,3,2,2,10000
JURERE COM LUXO A POUCOS METROS DA PRAIA,north,Jurerê,110,,2,3,1,700
Alugo Kitnet ,north,Ingleses do Rio Vermelho,25,1,1,1,1,1200
Apartamento para aluguel com 45 metros quadrados com 1 quarto em Jurerê - Florianópolis - ,north,Jurerê,46,,1,1,1,350
Florianopolis - Apartamento Padrão - Cachoeira do Bom Jesus,north,Cachoeira do Bom Jesus,90,800,3,2,1,3500
"Alugo apto mensal, de Março a novembro, em Ponta das Canas, mobiliado, vista p/ mar",north,Cachoeira do Bom Jesus,60,,2,1,1,2500
Alugo lindo apt 2 qts bairro Rio vermelho ,north,São João do Rio Vermelho,1,1,2,1,1,2198
Apartamento Frente Mar em Jurere,north,Jurerê,65,,2,2,1,590
Apartamento para aluguel tem 270 metros quadrados com 3 quartos...,north,Jurerê Internacional,270,,3,4,3,5000
Aluguel anual ,north,Ingleses do Rio Vermelho,120,500,3,4,2,3200
CITTA LIFE RESIDENCE JURERE FLORIANÓPOLIS,north,Jurerê Internacional,105,,2,3,2,380
Pé na areia! Apartamento  com 2 quartos de frente para a praia de Canasvieiras - Floripa,north,Canasvieiras,70,,2,1,0,630
"Cobertura disponível para para aluguel próximo a Jurerê, Florianópolis, SC",north,Jurerê,168,860,4,4,2,13500
Kitnet rio vermelho (ingleses) ,north,São João do Rio Vermelho,25,,1,1,0,850
Apartamento para aluguel com 70 metros quadrados com 2 quartos em Canasvieiras - Florianóp,north,Canasvieiras,70,,2,2,1,400
Apto 2 quartos em São João do Rio Vermelho Rod João Gualberto Soares,north,São João do Rio Vermelho,36,,2,1,0,1300
Apto térreo 2 quartos Ingleses,north,Ingleses do Rio Vermelho,60,1,2,1,1,1000
Apartamento para alugar no bairro Jurerê Internacional - Florianópolis/SC,north,Jurerê Internacional,79,,2,2,1,6000
Aluguel de kitnet,north,Saco Grande,32,,1,1,0,1200
"Apartamento com 3 dormitórios para alugar, 157 m² por R$ 11.090,42/mês - João Paulo - Flor",north,João Paulo,157,1652,3,5,3,9100
Espetacular cobertura 20 metros do mar!!!,north,Canasvieiras,90,,2,3,1,650
apartamento - Ingleses - Florianópolis,north,Ingleses do Rio Vermelho,81,450,2,2,1,3200
FLORIANóPOLIS - Apartamento Padrão - Santo Antônio de Lisboa,north,Santo Antônio de Lisboa,39,,1,1,1,3000
"Apartamento para Locação em Florianópolis, Ingleses do Rio Vermelho, 1 dormitório, 1 banhe",north,Ingleses do Rio Vermelho,30,,1,1,1,1800
Alugo apto Ingleses,north,Ingleses do Rio Vermelho,45,,1,1,1,850
Apartamento para alugar no bairro Ingleses do Rio Vermelho - Florianópolis/SC,north,Ingleses do Rio Vermelho,139,550,3,2,1,5000
"Apartamento com 2 dormitórios para alugar, por R$ 850/dia - Jurerê Internacional - Florian",north,Jurerê Internacional,80,,2,2,1,850
Apartamento com vista para o mar em condomínio frente mar em aluguel mensal até dezembro!,north,Cachoeira do Bom Jesus,45,,1,1,1,2000
"Apartamento para Aluguel - Vargem Grande, 2 Quartos,  60 m2",north,Vargem Grande,60,388,2,1,1,1350
Florianopolis - Apartamento Padrão - Jurere,north,Jurerê,91,,3,2,2,8000
Florianopolis - Apartamento Padrão - Jurere Internacional,north,Jurerê,68,,2,2,1,5500
Apartamento aluguel anual em Canasvieiras - Florianópolis - SC,north,Canasvieiras,65,470,1,1,1,1400
Apartamento em Jurerê para Aluguel Anual - Florianópolis/SC,north,Canasvieiras,30,,1,1,0,1250
"Apartamento com 3 dormitórios para alugar, 149 m² por R$ 20.000,00/mês - Jurerê Internacio",north,Jurerê Internacional,149,2000,3,5,2,20000
ALUGUEL ANUAL JURERE INTERNACIONAL,north,Jurerê Internacional,90,800,2,2,2,4200
Apartamento para aluguel tem 50 metros quadrados com 1 quarto,north,Jurerê Internacional,50,,1,1,1,300
Apartamento para aluguel com 70 metros quadrados com 2 quartos,north,Jurerê Internacional,70,,2,2,1,4000
"Apartamento com 2 dormitórios para alugar, 107 m² por R$ 9.500,00/mês - Jurerê Internacion",north,Jurerê Internacional,107,1700,2,2,2,9500
Apartamento duplex no bairro ingleses em florianópolis,north,Ingleses do Rio Vermelho,85,400,2,3,2,2800
BELÍSSIMA COBERTURA COM JACUZZI NA MELHOR LOCALIZAÇÃO DE CANASVIEIRAS,north,Canasvieiras,212,1000,3,2,3,11000
Apartamento para aluguel com 40 metros quadrados com 1 quarto em Jurerê - Florianópolis - ,north,Jurerê,40,,1,1,0,200
"Apartamento para aluguel, 2 quartos, 1 vaga, Santo Antônio de Lisboa - Florianópolis/SC",north,Santo Antônio de Lisboa,55,,2,1,1,2800
"Apartamento com 3 dormitórios para alugar, 100 m² por R$ 5.630,36/mês - João Paulo - Flori",north,João Paulo,100,956,3,2,2,4500
"APARTAMENTO RESIDENCIAL em FLORIANÓPOLIS - SC, CACHOEIRA DO BOM JESUS",north,Cachoeira do Bom Jesus,124,,3,2,1,600
"APARTAMENTO 1 dormitório, frente ao mar, em  Canasvieiras - Florianópolis - SC",north,Canasvieiras,48,,1,1,1,480
FLORIANóPOLIS - Apartamento Padrão - Santo Antônio de Lisboa,north,Santo Antônio de Lisboa,24,,1,1,1,3000
Aluguel anual - mobiliado,north,Cachoeira do Bom Jesus,56,280,2,1,1,2800
FLORIANóPOLIS - Apartamento Padrão - Santo Antônio de Lisboa,north,Santo Antônio de Lisboa,21,,1,1,1,3900
FLORIANóPOLIS - Apartamento Padrão - Santo Antônio de Lisboa,north,Santo Antônio de Lisboa,23,,1,1,1,3500
FLORIANóPOLIS - Apartamento Padrão - Santo Antônio de Lisboa,north,Santo Antônio de Lisboa,15,,1,1,1,3000
FLORIANóPOLIS - Apartamento Padrão - Santo Antônio de Lisboa,north,Santo Antônio de Lisboa,35,,1,1,1,4500
FLORIANóPOLIS - Apartamento Padrão - Santo Antônio de Lisboa,north,Santo Antônio de Lisboa,46,,1,1,1,4500
FLORIANóPOLIS - Apartamento Padrão - Santo Antônio de Lisboa,north,Santo Antônio de Lisboa,17,,1,1,1,3900
FLORIANóPOLIS - Apartamento Padrão - Ingleses do Rio Vermelho,north,Ingleses do Rio Vermelho,70,510,2,1,0,2100
Kitnet mobiliada locação anual em Jurere.,north,Jurerê,16,,1,1,1,1200
Apartamento Alugo,north,Cachoeira do Bom Jesus,80,700,2,2,1,3200
Aluguel anual em Jurerê Internacional,north,Jurerê,100,1000,4,3,2,10000
Lindo apartamento a 50m do mar em Ingleses Norte em aluguel mensal a partir de março,north,Ingleses do Rio Vermelho,75,600,1,1,1,1800
"Apartamento 2 quartos, em ótima localização nos Ingleses",north,Ingleses do Rio Vermelho,60,,2,1,1,1800
Aluguel por diária em Canasvieiras,north,Canasvieiras,42,,1,1,1,400
Maravilhosa cobertura bairro Campeche em Florianópolis com aproximadamente 160m² de área p,north,Cachoeira do Bom Jesus,160,1300,3,3,2,7300
"Apartamento para Aluguel - Ingleses, 2 Quartos,  90 m2",north,Ingleses do Rio Vermelho,90,150,2,2,1,2000
ROYAL RESIDENCE CANASVIEIRAS,north,Canasvieiras,75,,2,2,1,250
AP 2 Quartos  terreo Anual ,north,Ingleses do Rio Vermelho,55,,2,2,1,1650
Apartamento anual ingleses,north,Ingleses do Rio Vermelho,35,,1,1,0,1000
Apartamento para aluguel com 60 metros quadrados com 1 quarto em Canasvieiras - Florianópo,north,Canasvieiras,60,,1,1,1,390
"Apartamento para Aluguel - Santinho, 2 Quartos,  78 m2",north,Ingleses do Rio Vermelho,78,190,2,2,1,2400
Florianopolis - Apartamento Padrão - Jurere,north,Jurerê,180,1000,3,4,2,18000
"Apartamento com 3 dormitórios para alugar, 123 m² por R$ 6.914,00/mês - João Paulo - Flori",north,João Paulo,123,970,3,4,2,5700
Cobertura em Jurere para locação anual,north,Jurerê,100,1300,2,2,2,9000
"Apartamento para Aluguel - Ingleses, 2 Quartos,  118 m2",north,Ingleses do Rio Vermelho,118,750,2,2,2,2400
Apartamento para aluguel possui 112 metros quadrados com 3 quartos,north,Jurerê Internacional,112,,3,4,2,700
Ano Novo - Apartamento para aluguel possui 45 metros quadrados com 1 quarto.,north,Ingleses do Rio Vermelho,45,,1,1,1,500
Locação por diária,north,Jurerê,52,,1,1,0,700
APTO 1 DORMITÓRIO!,north,Canasvieiras,40,,1,1,0,370
APARTAMENTO - 3 Dormitórios - praia de Ingleses,north,Ingleses do Rio Vermelho,90,1,3,2,1,600
Apartamento 2 quartos com vista para o mar em aluguel mensal,north,Canasvieiras,66,,2,2,1,2800
FLORIANóPOLIS - Apartamento Padrão - João Paulo,north,João Paulo,75,826,3,2,1,2700
Lindo Apto 1 quarto em Canasvieiras,north,Canasvieiras,60,,1,1,1,390
"NOBILLE IMÓVEIS aluga- Apartamento a 100m do mar, totalmente mobiliado na Praia dos Ingles",north,Ingleses do Rio Vermelho,77,522,1,2,1,2300
Nobille Imóveis aluga apartamento de 02 dormitórios com suíte e churrasqueira próximo à pr,north,Ingleses do Rio Vermelho,67,300,2,2,1,2200
"APARTAMENTO RESIDENCIAL em FLORIANÓPOLIS - SC, CACHOEIRA DO BOM JESUS",north,Canasvieiras,68,,2,2,1,420
Aluguel por diária em Canasvieiras,north,Canasvieiras,40,,1,1,1,450
Cobertura duplex nova 3 suítes com vista mar,north,Jurerê,160,750,3,4,3,18000
Condomínio Club - 100 metros do Mar - Finamente Mobiliado - Locação por Diária,north,Cachoeira do Bom Jesus,77,,2,2,1,450
"Apartamento para Aluguel - Jurerê, 1 Quarto,  15 m2",north,Jurerê,15,,1,1,1,1200
Apartamento - Florianópolis SC,north,Ingleses do Rio Vermelho,78,,2,1,1,450
Florianopolis - Apartamento Padrão - Canasvieiras,north,Canasvieiras,49,278,1,1,1,1700
"APARTAMENTO RESIDENCIAL em FLORIANOPOLIS - SC, INGLESES DO RIO VERMELHO",north,Ingleses do Rio Vermelho,64,,1,1,0,350
Alugo apto mobiliado em Ingleses,north,Ingleses do Rio Vermelho,65,250,2,2,1,1600
Apartamento para aluguel possui 120 metros quadrados com 3 quartos,north,Cachoeira do Bom Jesus,140,,3,4,2,800
Apartamento para aluguel com 90 metros quadrados com 3 quartos em Jurerê - Florianópolis -,north,Jurerê,90,1000,3,2,1,4800
Apartamento nos Ingleses,north,São João do Rio Vermelho,40,,1,1,1,1100
"APARTAMENTO EM JURERÊ INTERNACIONAL, FLORIANÓPOLIS",north,Jurerê Internacional,97,,3,2,2,1300
Apartamento FLORIANÓPOLIS - SC,north,Ingleses do Rio Vermelho,53,200,2,1,1,2500
FLORIANóPOLIS - Apartamento Padrão - Ingleses do Rio Vermelho,north,Ingleses do Rio Vermelho,60,432,2,1,1,2500
"Apartamento residencial para locação, Canasvieiras, Florianópolis.",north,Canasvieiras,60,,1,1,0,400
Compartilho Ap de 2 Quartos na Praia,north,Ingleses do Rio Vermelho,60,,2,1,0,1050
Cobertura duplex para aluguel com 90 metros quadrados com 3 quartos,north,Jurerê Internacional,90,1000,3,3,1,6800
Apartamento ,north,Canasvieiras,105,490,2,2,1,2600
Apto Duplex à uma quadra da belíssima Praia Brava (aluguel mensal até dez)),north,Praia Brava,110,,3,2,1,3900
"Apartamento com 3 dormitórios para alugar, 147 m² por R$ 10.990,00/mês - Canasvieiras - Fl",north,Jurerê,147,1750,3,4,3,8340
"Aluga-se mensal, linda cobertura, praia dos ingleses ",north,Ingleses do Rio Vermelho,140,250,3,3,1,3500
Aluguel loft carvoeira,north,Vargem Grande,40,,1,1,0,1850
FLORIANóPOLIS - Apartamento Padrão - Jurerê,north,Jurerê Internacional,90,740,3,2,1,6900
Apartamento para aluguel com 70 metros quadrados com 2 quartos em Jurerê - Florianópolis -,north,Jurerê,70,,2,2,1,7000
"Apartamento para aluguel, 2 quartos, 1 suíte, 1 vaga, INGLESES DO RIO VERMELHO - Florianóp",north,Ingleses do Rio Vermelho,50,150,2,2,1,1850
Aluga Apartamento p Casal nos Ingleses ,north,Ingleses do Rio Vermelho,40,,1,1,1,1200
"APARTAMENTO DE 2 DORMITÓRIOS , FRENTE AO MAR , RUA DAS GAIVOTAS NA LINDA PRAIA DOS INGLESE",north,Vargem Grande,98,,2,2,1,600
JURERE INTERNACIONAL COM LINDA VISTA,north,Jurerê Internacional,50,,1,1,0,150
"Apartamento com 2 quartos para alugar por R$ 3500.00, 78.86 m2 - JOAO PAULO - FLORIANOPOLI",north,João Paulo,79,853,2,1,2,3500
Alugo anual linda kitnet mobiliada e decorada no norte da ilha ,north,Vargem Pequena,30,,1,1,1,1350
Lindo apartamento com ótima localização no condomínio Água Azul!,north,Praia Brava,75,,3,2,1,4500
Locação Apartamento Florianopolis SC,north,Ingleses do Rio Vermelho,112,600,2,3,2,3100
"Apartamento 2 dormitórios com suite, Piscina, em Canasvieiras - Florianópolis - SC",north,Canasvieiras,63,,2,2,1,350
Apartamento para aluguel com 40 metros quadrados com 2 quartos em Canasvieiras - Florianóp,north,Canasvieiras,40,,2,1,1,2500
Apartamento em Canasvieiras 1 quarto - Aluguel Anual Cá,north,Canasvieiras,50,,1,1,1,1300
4 DORMITÓRIOS,north,Ponta das Canas,190,,4,5,3,3400
LINDO APARTAMENTO MENSAL JURERE INTERNACIONAL,north,Jurerê Internacional,50,,1,1,0,150
"Cobertura para aluguel, 2 quartos, 1 vaga, Santo Antônio de Lisboa - Florianópolis/SC",north,Santo Antônio de Lisboa,70,,2,1,1,3400
Apto térreo aluguel mensal.,north,Cachoeira do Bom Jesus,30,,1,1,0,1500
Apartamento para aluguel com 70 metros quadrados com 2 quartos em Jurerê - Florianópolis -,north,Jurerê,70,,2,3,2,500
Aluguel | Apartamento 2 dormitórios - ANUAL,north,Ingleses do Rio Vermelho,70,370,2,1,2,3000
"COBERTURA com PISCINA e 3 dormitórios,  direto na areia, em Canasvieiras ,  - SC",north,Canasvieiras,105,,3,2,2,800
Apartamento para locação Mensal até 10 de Dezembro ,north,Canasvieiras,62,,2,2,1,3450
"Apartamento com 3 dormitórios no Open Shopping para alugar, por R$ 1.900/dia - Jurerê Inte",north,Jurerê Internacional,100,,3,2,1,1900
"Apartamento para Aluguel - Ingleses, 2 Quartos,  60 m2",north,Ingleses do Rio Vermelho,60,200,2,2,1,2100
Aluguel Flat - Rio Vermelho - Duas pessoas,north,São João do Rio Vermelho,50,,1,2,1,1300
"Apartamento para Aluguel - Ingleses, 2 Quartos,  72 m2",north,Ingleses do Rio Vermelho,72,420,2,2,1,3200
FLORIANóPOLIS - Apartamento Padrão - Jurerê Internacional,north,Jurerê Internacional,126,1200,3,4,2,7500
Apartamento para aluguel mensal (de maio até dezembro),north,Canasvieiras,45,,1,1,1,1800
Apartamento Canasvieiras Tipo Club Resort,north,Canasvieiras,50,500,2,1,1,3000
"Lindo apartamento para locação anual com 2 suítes, novo, primeira locação",north,Jurerê Internacional,124,1200,2,3,2,15500
PORTO DE JURERE FLORIANÓPOLIS,north,Jurerê,75,,2,2,2,250
Aluguel por diária em Canasvieiras,north,Canasvieiras,40,,1,1,0,350
"APARTAMENTO RESIDENCIAL em FLORIANÓPOLIS - SC, CACHOEIRA DO BOM JESUS",north,Cachoeira do Bom Jesus,77,,2,2,1,650
"Apartamento novo 2 dormitórios / 2 vagas, nunca habitado",north,Jurerê Internacional,70,600,2,2,2,7000
"Cobertura para alugar, 348 m² por R$ 16.000,00/mês - João Paulo - Florianópolis/SC",north,João Paulo,348,3262,3,5,4,16000
FLORIANóPOLIS - Apartamento Padrão - Ingleses do Rio Vermelho,north,Ingleses do Rio Vermelho,48,256,1,1,1,1500
AMPLO APARTAMENTO COM SPA PRIVATIVO PRÓXIMO A PRAIA,north,Jurerê Internacional,180,,3,3,2,280
"Apartamento para Locação Anual, 2 Dormitórios, Canasvieiras, Florianópolis, SC",north,Canasvieiras,52,400,2,1,0,2500
Locação anual jurerê ,north,Jurerê,22,,1,1,0,1500
Apto por diária em Canasvieiras,north,Canasvieiras,42,,1,1,1,400
Cobertura Duplex em Jurere Internacional.,north,Jurerê Internacional,76,500,2,2,1,899
 Cobertura nos Ingleses,north,João Paulo,136,,3,3,1,450
"Apartamento para TEMPORA, com 1 quarto em Jurerê - Florianópolis - SC.",north,Jurerê,35,,1,1,0,295
Aluguel por diária em Canasvieiras,north,Canasvieiras,38,,1,1,1,550
"Apartamento para aluguel, 3 quartos, 1 vaga, Santo Antônio de Lisboa - Florianópolis/SC",north,Santo Antônio de Lisboa,70,,3,1,1,1850
Apartamento em Jurere a 200 metros da praia!,north,Jurerê,40,,1,1,0,250
Apartamento para aluguel possui 65 metros quadrados com 2 quartos,north,Canasvieiras,65,,2,1,1,520
Kitnet para locação mensal na rua da praia da ponta das canas.,north,Ponta das Canas,40,,1,1,1,1400
Apartamento para aluguel possui 70 metros quadrados com 2 quartos,north,Jurerê Internacional,70,,2,3,2,500
Apartamento para aluguel possui 43 metros quadrados com 1 quarto em Jurerê - Florianópolis,north,Jurerê,43,,1,1,0,150
Cobertura Aluguel Anual Ingleses,north,Ingleses do Rio Vermelho,340,900,4,3,2,6700
Aluguel Mensal de Apartamento (Março a Novembro) - Daniela,north,Daniela,35,,1,1,0,2700
Apartamento para alugar no bairro Jurerê - Florianópolis/SC,north,Jurerê Internacional,80,,2,2,1,6500
"Apartamento com 2 quartos para alugar por R$ 2600.00, 61.47 m2 - JURERE - FLORIANOPOLIS/SC",north,Jurerê Internacional,61,458,2,1,1,2600
JURERE 1 QUADRA DA PRAIA,north,Jurerê,45,,1,1,1,150
Apartamento aluguel anual em Jurerê - Florianópolis - SC,north,Jurerê,89,700,3,2,2,4500
"APARTAMENTO COMPLETO NOS INGLESES FRENTE AO MAR , CONDOMÍNIO COM PISCINA E A POUCOS METROS",north,Vargem Grande,110,,3,3,2,1000
"APARTAMENTO RESIDENCIAL em FLORIANÓPOLIS - SC, CANASVIEIRAS",north,Canasvieiras,42,,1,1,1,280
Ingleses alugo,north,Ingleses do Rio Vermelho,57,350,2,1,1,2000
JAY JURERE INTERNACIONAL,north,Jurerê Internacional,100,,2,2,2,500
Alugo apartamento santinho beach residence  mensal até novembro leia o anúncio !! ,north,Ingleses do Rio Vermelho,65,,2,2,1,3500
"Apartamento com 2 dormitórios para alugar, 136 m² por R$ 2.100,00/dia - Jurerê Internacion",north,Jurerê Internacional,136,1000,2,3,1,2100
COBERTURA DUPLEX COM VISTA PERMANENTE PARA O MAR!,north,João Paulo,505,4000,4,5,5,26000
Cobertura por diária em Canasvieiras,north,Canasvieiras,95,,4,1,0,1300
"Apartamento 3 quartos, aluguel anual, ótima localização nos Ingleses",north,Ingleses do Rio Vermelho,84,,3,1,1,1850
Lindo apt 1 quarto!! Canasvieiras 200mts mar,north,Canasvieiras,50,,1,1,1,2450
Aluguel MENSAL Apartamento Mobiliado  - Cachoeira,north,Cachoeira do Bom Jesus,1,,2,2,1,1600
Jurerê!! apt 2 quartos 100mts mar,north,Jurerê Internacional,82,,2,1,1,3700
APARTAMENTO LOCAÇÃO PRAIA BRAVA,north,Praia Brava,200,,3,4,1,1400
APARTAMENTO NOVO - MUITO BEM MOBILIADO!!!!,north,Cachoeira do Bom Jesus,34,,1,1,1,450
Apartamento com 3 dormitórios no João Paulo,north,João Paulo,117,927,3,3,2,7000
Apartamento 3 suites para locação anual,north,Jurerê Internacional,179,1250,3,4,2,5000
Apartamento Térreo Mobiliado nos Ingleses,north,Ingleses do Rio Vermelho,65,,2,2,1,3600
Florianopolis - Apartamento Padrão - Jurere Internacional,north,Jurerê Internacional,180,1125,3,4,2,8700
Apartamento para aluguel possui 60 metros quadrados com 2 quartos em Jurerê - Florianópoli,north,Jurerê,60,,2,2,1,300
"Apartamento para Aluguel - Santinho, 2 Quartos,  86 m2",north,Ingleses do Rio Vermelho,86,,2,1,1,1600
Apartamento para aluguel com 111 metros quadrados com 2 quartos,north,Ingleses do Rio Vermelho,111,,2,2,1,600
Apartamento para aluguel com 46 metros quadrados com 1 quarto em Canasvieiras - Florianópo,north,Canasvieiras,56,,1,1,1,370
Alugo Apartamento Anual ,north,Canasvieiras,65,,1,1,0,1300
Belíssimo apartamento no melhor condomínio da Cachoeira do Bom Jesus (mensal de abril a no,north,Canasvieiras,130,,3,3,2,5500
FLORIANóPOLIS - Apartamento Padrão - Ingleses do Rio Vermelho,north,Ingleses do Rio Vermelho,75,650,3,1,1,3500
Casa para alugar no bairro João Paulo,north,João Paulo,160,1,2,3,2,5000
Apartamento para aluguel possui 38 metros quadrados com 1 quarto,north,Canasvieiras,38,,1,1,1,240
Apto com vista para o mar em Canasvieiras,north,Canasvieiras,70,,1,1,1,650
"Apartamento para Aluguel - Ingleses, 2 Quartos,  68 m2",north,Ingleses do Rio Vermelho,68,1760,2,1,1,4300
"APARTAMENTO RESIDENCIAL em Florianópolis - SC, Canasvieiras",north,Canasvieiras,75,,2,2,1,600
Lindo apartamento em condomínio de frente para o mar em aluguel mensal até novembro,north,Canasvieiras,90,,2,2,1,3000
Aluguel apartamento Ingleses (março à novembro),north,Ingleses do Rio Vermelho,30,150,1,1,1,1450
Aluguel mensal,north,Canasvieiras,41,,1,1,0,3000
Aluguel por diária,north,Jurerê,52,,1,1,0,700
Aluguel Anual Apartamesto Terreo,north,Ponta das Canas,45,,2,1,1,2250
"ALUGUEL DIÁRIA - Apartamento 2 dormitórios, em Canasvieiras, Floripa SC",north,Canasvieiras,60,,2,1,1,400
Apto - Frente Mar - Canasvieiras - Condomínio fechado,north,Canasvieiras,100,,3,3,2,6900
Locação Anual em Ingleses ,north,Ingleses do Rio Vermelho,65,150,2,2,1,1700
FLORIANóPOLIS - Apartamento Padrão - Jurerê,north,Jurerê Internacional,70,,2,1,2,6970
"Apartamento para Aluguel - Ingleses, 5 Quartos,  92 m2",north,Ingleses do Rio Vermelho,92,2750,5,3,2,6750
"Apartamento para Aluguel - Ingleses, 1 Quarto,  68 m2",north,Ingleses do Rio Vermelho,68,1120,1,1,1,2760
"Apartamento para Aluguel - Canasvieiras, 1 Quarto,  40 m2",north,Canasvieiras,40,350,1,1,1,1500
Loft Campeche ,south,Campeche,50,,1,1,1,2500
Apto 1 Dorm. mobíliado 1 pessoa sem pet,south,Campeche,26,,1,1,0,2100
Locação Apartamento Florianopolis SC,south,Carianos,45,,1,1,1,1400
Studio Novo e  Mobiliado na praia do Campeche,south,Campeche,34,100,1,1,0,2500
APARTAMENTO 3 QUARTOS NO BAIRRO CAMPECHE EM FLORIANOPOLIS,south,Campeche,98,950,3,2,1,5700
"Casa para alugar no Campeche 3 quartos, Florianópolis SC",south,Campeche,90,,2,2,1,4000
Apto 1 quarto mobiliado ,south,Armação do Pântano do Sul,60,,1,1,1,1800
Apartamento FLORIANOPOLIS SC,south,Campeche,84,580,3,2,2,5500
Kitnet mobiliada costeira pirajubaé. Leia todo anúncio ,south,Costeira do Pirajubaé,20,,1,1,1,780
Apartamento Novo Campeche,south,Campeche,92,1400,2,2,0,7800
"APARTAMENTO RESIDENCIAL em FLORIANÓPOLIS - SC, RIBEIRÃO DA ILHA",south,Ribeirão da Ilha,58,,2,1,1,2300
"Apartamento com 3 dormitórios para alugar, 115 m² por R$ 5.300/mês - Campeche - Florianópo",south,Campeche,115,515,3,2,2,5300
"Apartamento com 1 dormitório para alugar, 52 m² por R$ 2.500/mês - Campeche - Florianópoli",south,Campeche,52,,1,1,1,2500
FLORIANóPOLIS - Apartamento Padrão - Campeche,south,Campeche,74,1078,2,2,2,5000
FLORIANóPOLIS - Apartamento Padrão - Novo Campeche,south,Campeche,120,500,2,3,1,9500
FLORIANóPOLIS - Apartamento Padrão - Ribeirão da Ilha,south,Ribeirão da Ilha,27,,1,1,1,2400
Alugo ótimo apto no Campeche (próximo ao Fort),south,Campeche,28,,1,1,1,1400
FLORIANóPOLIS - Apartamento Padrão - Ribeirão da Ilha,south,Ribeirão da Ilha,69,,2,1,1,3990
FLORIANóPOLIS - Apartamento Padrão - Ribeirão da Ilha,south,Ribeirão da Ilha,47,,1,1,1,2990
FLORIANóPOLIS - Apartamento Padrão - Alto Arroio,south,Ribeirão da Ilha,44,,2,1,1,3490
"Apartamento para Aluguel - Rio Tavares, 1 Quarto,  44 m2",south,Campeche,44,500,1,1,1,3350
FLORIANóPOLIS - Apartamento Padrão - Ribeirão da Ilha,south,Ribeirão da Ilha,24,,1,1,1,2400
FLORIANóPOLIS - Apartamento Padrão - Ribeirão da Ilha,south,Ribeirão da Ilha,38,,2,1,1,2990
FLORIANóPOLIS - Apartamento Padrão - Ribeirão da Ilha,south,Ribeirão da Ilha,63,,2,1,1,3490
"Apartamento com 2 dormitórios para alugar, 68 m² por R$ 6.810,00/mês - Campeche - Florianó",south,Campeche,69,1200,2,2,2,5500
Apartamento-Padrao-para-Aluguel-em-Campeche-Florianopolis-SC,south,Campeche,75,480,2,2,2,4350
FLORIANóPOLIS - Cobertura - Campeche,south,Campeche,146,1000,2,1,2,8000
FLORIANóPOLIS - Apartamento Padrão - Novo Campeche,south,Campeche,140,,3,4,3,15000
Apartamento mobiliado a 15 min do centro,south,Ribeirão da Ilha,25,,1,5,1,1200
"Apartamento com banheiro privado, estacionamento e jardim",south,Campeche,15,,1,1,1,900
Alugo apto de 1quarto Campeche ,south,Campeche,40,,1,1,1,1800
"Apartamento com 2 dormitórios para alugar, 65 m² por R$ 2.800/mês - Campeche - Florianópol",south,Campeche,65,150,2,1,1,2800
"Lindo Ap Duplex 02 quartos com Garagem, wc+lavabo",south,Carianos,85,,2,2,1,2300
Apartamento mobiliado ,south,Campeche,100,,2,1,1,3500
Loft mobiliado no Campeche,south,Campeche,38,,1,1,0,3100
"Apartamento para Aluguel - Campeche, 1 Quarto,  75 m2",south,Campeche,75,,1,1,1,2100
Locação Apartamento Florianopolis SC,south,Carianos,45,60,1,1,0,1300
"Kitnet ""Mobiliada""",south,Tapera da Base,40,,1,1,0,890
Locação apartamento Campeche,south,Campeche,68,,2,1,0,2700
"Apartamento com 2 dormitórios para alugar, 59 m² - Ribeirão da Ilha - Florianópolis/SC",south,Ribeirão da Ilha,59,,2,1,1,2800
Alugo Apartamento - KItnet- sem mobílias.<br>Na costeira,south,Costeira do Pirajubaé,25,,1,1,0,900
FLORIANóPOLIS - Apartamento Padrão - Campeche,south,Campeche,93,1169,3,2,2,5000
Apartamento 1 Quarto,south,Ribeirão da Ilha,40,160,1,1,1,1400
"Aluguel anual, perfeito para home office, lindo apartamento 2d com suíte completo a 400 me",south,Rio Tavares,72,474,2,2,2,5500
Apartamento todo mobiliado com 2 dormitórios (1 suíte) para alugar - Campeche - Florianópo,south,Campeche,70,550,2,2,1,4200
"Studio com 1 dormitório para alugar, 15 m² por R$ 2.484,02/mês - Campeche - Florianópolis/",south,Campeche,15,,1,1,1,2300
Alugo apartamento alto padrão no Campeche,south,Campeche,110,700,3,2,2,7900
Alugo apto centrinho do Campeche ,south,Campeche,50,,1,1,1,2400
Aluguel Anual - Florianópolis ,south,Pântano do Sul,90,250,2,2,0,2500
"Cobertura com 3 dormitórios para alugar, 200 m² por R$ 12.120,00/mês - Campeche - Florianó",south,Campeche,200,2000,3,2,2,9800
Alugo apto 3Q Campeche,south,Campeche,85,400,3,2,2,5200
"Apartamento no campeche semi mobiliado, com área externa e garagem coberta privativos.",south,Campeche,60,1,1,1,1,2490
"Kitinete localizada no bairro Costeira do Pirajubaé, em Florianópolis",south,Costeira do Pirajubaé,25,,1,1,0,850
Ap novinho 2 quartos no começo do Ribeirão Da ilha ,south,Campeche,46,,2,1,1,2200
"Apartamento para Aluguel - Alto Ribeirão Leste, 2 Quartos,  70 m2",south,Ribeirão da Ilha,70,10,2,2,1,3100
Apto no Thai Beach Home Resort & Spa ,south,Campeche,76,850,2,3,3,7000
FLORIANóPOLIS - Cobertura - Campeche,south,Campeche,188,1200,3,3,2,9800
Apartamento com 3 dormitórios no Campeche,south,Campeche,153,706,3,2,1,7000
"Kitinete localizada no bairro Costeira do Pirajubaé, em Florianópolis",south,Costeira do Pirajubaé,48,,2,1,0,1100
Apartamento de 3 quartos para alugar no bairro Campeche,south,Campeche,98,950,3,2,1,5700
"Apartamento com 1 dormitório para alugar, 34 m² por R$ 2.460,24/mês - Ribeirão da Ilha - F",south,Ribeirão da Ilha,34,250,1,1,1,1950
Apartamento de 2 quartos para alugar no bairro Campeche,south,Campeche,87,850,2,3,2,7800
Apartamento de 1 quarto para alugar no bairro Rio Tavares,south,Rio Tavares,20,,1,1,1,1650
" Aluguel Unidade com 2qtos, sala/cozinha, banheiro/lavabo e ampla  área de serviço. ",south,Rio Tavares,70,150,2,1,1,3000
"Apartamento com 3 dormitórios para alugar, 100 m² por R$ 5.700/mês - Novo Campeche - Flori",south,Campeche,100,800,3,2,1,5700
Excelente apartamento em condomínio de alto padrão no bairro Campeche em Florianópolis-Nov,south,Campeche,87,850,2,3,2,7800
"Apartamento com 2 dormitórios para alugar, 60 m² por R$ 3.600/mês - Açores - Florianópolis",south,Pântano do Sul,60,550,2,2,2,3600
"Apartamento Garden com 2 dormitórios para alugar, 50 m² por R$ 3.240,01/mês - Morro das Pe",south,Morro das Pedras,50,100,2,2,1,2900
"Essa cobertura é incrível! Sensação plena de estar em uma casa suspensa, com um visual mar",south,Campeche,186,1800,3,3,2,9800
"Apartamento para aluguel com vista mar, com 3 Suítes, Novo Campeche - Florianópolis - SC",south,Campeche,150,1000,3,4,3,15000
Apartamento de 3 quartos para alugar no bairro Campeche,south,Campeche,113,970,3,3,2,8000
Apartamento de 1 quarto para alugar no bairro Campeche,south,Campeche,38,450,1,1,1,3250
"Aluguel anual apto terro 1 dormitório localizado no Campeche, 250m da praia ",south,Campeche,75,,1,1,1,3300
STUDIO NO BAIRRO RIO TAVARES EM FLORIANÓPOLIS,south,Rio Tavares,20,,1,1,1,1650
EXCELENTE APARTAMENTO NO NOVO CAMPECHE BAIRRO CAMPECHE EM FLORIANÓPOLIS,south,Campeche,113,970,3,3,2,8000
"Aluguel anual apto 2 dormitórios localizado no Campeche, 250m da praia",south,Campeche,48,,2,1,1,3600
Apartamento para aluguel tem 75 metros quadrados com 2 quartos,south,Armação do Pântano do Sul,75,,2,1,1,3250
"Aluguel anual apto terreo 1 dormitório localizado no Campeche, 250m da praia",south,Campeche,35,,1,1,1,2900
"Apartamento com 3 dormitórios para alugar, 139 m² por R$ 15.000/mês - Novo Campeche - Flor",south,Campeche,139,1200,3,4,3,15000
"Apartamento com 2 dormitórios para alugar, 60 m² por R$ 6.500 - Novo Campeche - Florianópo",south,Campeche,60,700,2,2,2,6500
Apartamento  - Florianópolis - SC,south,Campeche,70,430,2,2,2,6000
"Apartamento com 3 dormitórios para alugar, 100 m² por R$ 6.290,00/mês - Campeche - Florian",south,Campeche,100,950,3,2,2,5200
FLORIANóPOLIS - Cobertura - Campeche,south,Campeche,135,1000,2,2,2,10000
"Alugo Ap novo,no sul da ilha",south,Morro das Pedras,34,,1,1,1,1000
FLORIANóPOLIS - Loft - Campeche,south,Campeche,50,550,1,1,1,3500
"Apartamento com 2 dormitórios para alugar, 45 m² por R$ 2.646,01/mês - Morro das Pedras - ",south,Morro das Pedras,45,150,2,2,1,2300
FLORIANóPOLIS - Apartamento Padrão - Ribeirão da Ilha,south,Ribeirão da Ilha,43,250,1,1,1,1950
"Apartamento para alugar, apenas 300 metros da praia, Campeche - FLORIANÓPOLIS-SC",south,Campeche,93,515,2,1,2,5100
Locação Apartamento Florianopolis SC,south,Campeche,27,,1,1,1,2300
Alugo apto 1 dormitório ,south,Rio Tavares,40,,1,1,1,1970
Apartamento mobiliado no Campeche,south,Campeche,70,,2,2,1,2900
Apartamento FLORIANOPOLIS SC,south,Pântano do Sul,96,390,2,2,1,3000
Apto/kitnet  já alugou obrigado ,south,Rio Tavares,25,,1,1,1,1400
"Apartamento com 3 dormitórios para alugar, 113 m² - Novo Campeche - Florianópolis/SC",south,Campeche,113,999,3,3,2,8000
Excelente Apartamento Dois Dormitórios no Campeche,south,Campeche,71,476,2,2,1,4000
"Apartamento com 3 dormitórios para alugar, 93 m² por R$ 7.400,00/mês - Campeche - Florianó",south,Campeche,94,750,3,2,2,6500
Loft de um dormitório para locação ,south,Campeche,30,,1,1,0,2800
Av,south,Campeche,30,,1,1,1,1600
Cobertura Frente Mar no Campeche,south,Campeche,257,1090,3,3,2,16000
Apartamento,south,Campeche,65,,1,1,0,2100
Essence Life -  Campeche - Alugo lindo 2 quartos mobiliado,south,Campeche,89,1000,2,2,1,6800
"Apartamento com 3 dormitórios para alugar, 82 m² - Rio Tavares - Florianópolis/SC",south,Rio Tavares,82,888,3,2,1,5500
Lindo apto 2 dorm no Campeche - Florianópolis - SC,south,Campeche,60,100,2,2,0,2700
"Apartamento para Aluguel - Campeche, 2 Quartos,  60 m2",south,Campeche,60,430,2,1,1,4170
Alugo kitnet ,south,Morro das Pedras,40,,1,1,0,1200
apto de dpois dormitórios com sacada no campeche,south,Campeche,52,,2,1,0,2000
FLORIANóPOLIS - Apartamento Padrão - Costeira Do Pirajubae,south,Costeira do Pirajubaé,60,516,2,1,1,1750
Apartamento Campeche 1 quarto,south,Campeche,35,200,1,1,0,2000
FLORIANóPOLIS - Studio - Campeche,south,Campeche,39,520,1,1,1,3800
Apartamento de 1 quarto no Campeche,south,Campeche,36,190,1,1,0,2850
FLORIANóPOLIS - Apartamento Padrão - Campeche,south,Campeche,92,500,3,2,2,5500
Locação Apartamento Florianopolis SC,south,Campeche,32,,1,1,1,2200
Lindíssimo Apartamento 2 Dorm Suíte Rio Tavares,south,Rio Tavares,91,470,2,2,2,4000
FLORIANóPOLIS - Apartamento Padrão - Campeche,south,Campeche,130,706,3,2,2,7000
FLORIANóPOLIS - Cobertura - Campeche,south,Campeche,226,1400,3,4,2,18000
Alugo apto no melhor lugar do sul da ilha. Paraíso na cidade.,south,Campeche,75,888,2,2,1,4800
FLORIANóPOLIS - Cobertura - Campeche,south,Campeche,136,1500,3,2,2,9000
Localizado no bairro Campeche em Florianópolis-Novo Campeche-APARTAMENTO VISTA MAR,south,Campeche,139,,3,4,3,15000
APARTAMENTO 2 QUARTOS NO BAIRRO CAMPECHE EM FLORIANÓPOLIS,south,Campeche,76,850,2,2,1,4000
Apartamento de 3 quartos para alugar no bairro Campeche,south,Campeche,102,1000,3,2,2,6500
Apartamento de 2 quartos para alugar no bairro Campeche,south,Campeche,71,600,2,1,1,4000
Apartamento Campeche,south,Campeche,56,,2,1,1,3900
"Excelente apartamento, estilo STÚDIO, no bairro Campeche em Florianópolis. Imóvel alto pad",south,Campeche,42,650,1,1,1,6500
Apartamento Mobiliado Morro das Pedras,south,Morro das Pedras,110,,2,1,0,2900
Excelente apartamento no bairro Campeche em Florianópolis. Apartamento de 2 quartos,south,Campeche,71,600,2,1,1,4000
"Ribeirão da Ilha | Apartamento 2 quartos, sendo 1 suite",south,Ribeirão da Ilha,66,600,2,2,1,3000
Excelente apartamento no bairro Campeche em Florianópolis. 3 quartos - Imóvel mobiliado.,south,Campeche,102,1000,3,2,2,6500
Excelente Apartamento no Bairro Campeche em Florianópolis - mETROS DA PRAIA,south,Campeche,112,1600,3,3,2,8500
"Apartamento para Aluguel - Campeche, 3 Quartos,  98 m2",south,Campeche,98,650,3,2,2,6500
FLORIANóPOLIS - Apartamento Padrão - Campeche,south,Campeche,61,,2,1,0,2700
"Apartamento com 2 dormitórios para alugar, 86 m² por R$ 5.280,00/mês - Campeche - Florianó",south,Campeche,87,600,2,2,2,4500
ÓTIMO APARTAMENTO 2 QUARTOS NO BAIRRO CARIANOS EM FLORIANÓPOLIS!,south,Carianos,75,90,2,1,1,2000
Linda cobertura para locação no Novo Campeche,south,Campeche,160,1100,3,3,2,7300
"Excelente apartamento localizado no bairro Campeche em Florianópolis, dentro do Novo Campe",south,Campeche,81,550,2,2,1,4600
Apartamento de 3 quartos para alugar no bairro Campeche,south,Campeche,111,1600,3,3,2,8500
"Cobertura com 2 dormitórios para alugar, 138 m² - Campeche - Florianópolis/SC",south,Campeche,139,600,2,2,2,7300
Apartamento Rio Tavares,south,Rio Tavares,75,,2,1,2,3500
Locação anual Campeche ,south,Campeche,36,,1,1,0,1750
Lançamento! Excelente STÚDIO localizado no Oka Floripa no bairro Campeche em Florianópolis,south,Campeche,38,450,1,1,1,3250
"Apartamento para Aluguel - Campeche, 1 Quarto,  45 m2",south,Campeche,45,420,1,1,1,5800
"Localizada no bairro Campeche, em Florianópolis, essa cobertura é incrível!",south,Campeche,187,1600,3,3,2,9800
"Apartamento com 2 dormitórios para alugar, 70 m² por R$ 5.300,00/mês - Campeche - Florianó",south,Campeche,70,650,2,2,2,4500
FLORIANóPOLIS - Apartamento Padrão - Campeche,south,Campeche,120,1300,2,2,2,5500
"Apartamento de 2 dormitórios no Campeche - 56 m² - R$ 2.400,00 / mês",south,Morro das Pedras,56,150,2,1,1,2400
"Studio com 1 dormitório para alugar, 36 m² por R$ 2.428,00/mês - Ribeirão da Ilha - Floria",south,Ribeirão da Ilha,36,400,1,1,0,1950
Apartamento locação anual no Campeche 150m da praia,south,Campeche,93,515,3,2,2,5200
Aluga se ,south,Campeche,60,,1,1,1,2000
Apartamento para Alugar no Campeche | 3 D | Florianópolis | SC,south,Campeche,115,900,3,3,2,7600
Apartamento Campeche ,south,Campeche,40,,1,1,1,1800
"Aluga-se apartamento de 03 de dormitórios, 1 suíte, Campeche-Florianópolis-SC",south,Campeche,85,350,2,2,2,5200
Quitinete Campeche ,south,Campeche,22,,1,1,0,1500
Apartamento duplex para alugar ,south,Campeche,99,,2,3,1,3200
Apartamento no Campeche,south,Campeche,50,,2,1,1,2000
"Apartamento com 2 dormitórios para alugar, 68 m² por R$ 3.950,00/mês - Campeche - Florianó",south,Campeche,69,400,2,2,1,3950
"Apartamento para alugar, 83 m² por R$ 3.800,00/mês - Campeche - Florianópolis/SC",south,Campeche,84,700,2,2,1,3800
FLORIANóPOLIS - Padrão - Campeche,south,Campeche,60,700,1,1,2,5400
Aluguel de março-dezembro em condomínio clube no Campeche,south,Campeche,77,800,2,3,2,5500
"Apartamento com 3 dormitórios para alugar, 84 m² por R$ 6.096,60/mês - Campeche - Florianó",south,Campeche,84,560,3,2,2,5000
"Apartamento para alugar, 3 dormitórios sendo 1 suíte, Campeche, FLORIANÓPOLIS SC",south,Campeche,115,752,2,2,1,8000
"Localizado no bairro Campeche em Florianópolis, linda cobertura no SWAMI BEACH RESIDENCE",south,Campeche,223,1000,3,4,2,16000
FLORIANóPOLIS - Kitchenette/Conjugados - Campeche,south,Campeche,39,550,1,1,1,3100
"Apartamento com 2 dormitórios para alugar, 69 m² por R$ 6.810,00/mês - Campeche - Florianó",south,Campeche,69,1200,2,2,2,5500
Apartamento de 1 quarto para alugar no bairro Campeche,south,Campeche,42,650,1,1,1,6500
FLORIANóPOLIS - Apartamento Padrão - Costeira Do Pirajubaé,south,Costeira do Pirajubaé,150,810,2,1,2,2350
Loft pronto pra morar ,south,Carianos,24,,1,1,1,1600
Aluguel de Kitnet na Tapera ,south,Tapera da Base,102,,1,1,1,900
Apartamento de 2 quartos para alugar no bairro Campeche,south,Campeche,113,1500,2,3,2,5100
Lindo apartamento mobiliado de 2 quartos no Campeche central. Locação de março a dezembro.,south,Campeche,63,,2,2,1,3150
"Excelente apartamento localizado no bairro Campeche em Florianópolis, dentro do Novo Campe",south,Campeche,114,1500,2,3,2,5100
"Apartamento com 2 dormitórios para alugar, 60 m² por R$ 3.300/mês - Açores - Florianópolis",south,Pântano do Sul,60,625,2,2,2,3300
"Apartamento, vista para o mar, com 2 dormitórios, para alugar, 79 m² por R$ 5.000/mês - Mo",south,Morro das Pedras,80,700,2,2,1,5000
"Apartamento com 2 dormitórios para alugar, 70 m² por R$ 3.500/mês - Rio Tavares - Florianó",south,Rio Tavares,70,,2,1,2,3500
"Apartamento com 2 dormitórios para alugar, 74 m² por R$ 4.887,00/mês - Campeche - Florianó",south,Campeche,74,800,2,2,2,3600
FLORIANóPOLIS - Apartamento Padrão - Novo Campeche,south,Campeche,187,1500,2,3,2,9800
FLORIANóPOLIS - Padrão - Campeche,south,Campeche,39,465,1,1,1,3100
"Campeche 2 dorms , na praia. ",south,Campeche,70,420,2,2,1,3500
Alugo apto 2 quartos  CAMPECHE ,south,Campeche,50,,2,2,1,200
"Cobertura com 2 dormitórios para alugar, 77 m² por R$ 8.100,00/mês - Campeche - Florianópo",south,Campeche,78,600,2,2,2,7300
"Excelente apartamento no bairro Campeche, em Florianópolis com 1 dormitório",south,Campeche,36,,1,1,1,2600
Apartamento de 3 quartos para alugar no bairro Rio Tavares,south,Rio Tavares,84,850,3,2,1,4800
Excelente apartamento no bairro Rio Tavares em Florianópolis. Apartamento de 3 quartos,south,Rio Tavares,85,850,3,2,1,4800
Apartamento mobiliado Campeche,south,Campeche,90,150,2,2,1,3200
"Apartamento com 3 dormitórios para alugar, 115 m² por R$ 10.690,00/mês - Campeche - Floria",south,Campeche,115,1000,3,2,2,9500
ALUGO KITNET ,south,Costeira do Pirajubaé,42,,1,1,0,1000
Apartamento novo com 2 dormitórios com garagem no sul da ilha,south,Armação do Pântano do Sul,70,,2,1,1,3250
apartamento com 3 quartos no bairro campeche em florianópolis,south,Campeche,110,850,3,2,2,9000
FLORIANóPOLIS - Apartamento Padrão - Novo Campeche,south,Campeche,46,980,1,2,1,5300
Lindo apto 2 dorm no Campeche - Florianópolis - SC,south,Campeche,40,100,1,1,0,2700
Apto Duplex vista mar com Jacuzzi,south,Campeche,86,800,2,2,2,4900
"Apartamento para locação, Campeche, Florianópolis, SC",south,Campeche,153,1030,3,2,2,7000
Belíssimo Apartamento no Bairro Campeche em Florianópolis - contempla 3 quartos (sendo dua,south,Campeche,116,950,3,3,2,9500
Kitnet de 2 quartos para alugar no bairro Costeira Do Pirajubaé,south,Costeira do Pirajubaé,48,,2,1,0,1100
Kitnet de 1 quarto para alugar no bairro Costeira Do Pirajubaé,south,Costeira do Pirajubaé,25,,1,1,0,850
Excelente Cobertura no Novo Campeche!,south,Campeche,160,1100,3,2,2,7300
"Apartamento com 3 dormitórios para alugar, 130 m² por R$ 6.000,00/mês - Campeche - Florian",south,Campeche,131,706,3,2,2,6000
"Campeche - Alugo de abril ate novembro duplex 3 quartos, 2 churrasqueiras, 2 vagas.",south,Campeche,113,1300,3,2,2,6500
Excelente apartamento de 1 dormitório no La Plage Residencial Boutique no Novo Campeche.,south,Campeche,40,600,1,1,1,3350
Apartamento 1 Dormitório NOVO!!!,south,Tapera da Base,40,,1,1,1,1300
FLORIANóPOLIS - Apartamento Padrão - Campeche,south,Campeche,76,,2,2,1,4400
APARTAMENTO DE 03 QUARTOS NO CAMPECHE!,south,Campeche,100,,3,2,1,4500
